[05May2026 18:53:33.618] [main/INFO] [cpw.mods.modlauncher.Launcher/MODLAUNCHER]: ModLauncher running: args [--launchTarget, forgeclientdev, --version, 21.1.190, --assetIndex, 17, --assetsDir, C:\\Users\\12501\\.mcreator\\gradle\\caches\\neoformruntime\\assets, --gameDir, ., --fml.fmlVersion, 4.0.41, --fml.mcVersion, 1.21.1, --fml.neoForgeVersion, 21.1.190, --fml.neoFormVersion, 20240808.144430]
[05May2026 18:53:33.619] [main/INFO] [cpw.mods.modlauncher.Launcher/MODLAUNCHER]: JVM identified as JetBrains s.r.o. OpenJDK 64-Bit Server VM 21.0.10+1-b1163.105
[05May2026 18:53:33.620] [main/INFO] [cpw.mods.modlauncher.Launcher/MODLAUNCHER]: ModLauncher 11.0.5+main.901c6ea8 starting: java version 21.0.10 by JetBrains s.r.o.; OS Windows 11 arch amd64 version 10.0
[05May2026 18:53:33.633] [main/DEBUG] [cpw.mods.modlauncher.LaunchServiceHandler/MODLAUNCHER]: Found launch services [minecraft,forgeclient,forgedatauserdev,testharness,forgeserverdev,forgeserveruserdev,forgejunitdev,forgeclientdev,forgeclientuserdev,forgeserver,forgejunituserdev,forgedatadev]
[05May2026 18:53:33.644] [main/DEBUG] [cpw.mods.modlauncher.LaunchPluginHandler/MODLAUNCHER]: Found launch plugins: [mixin,slf4jfixer,runtime_enum_extender,accesstransformer,runtimedistcleaner]
[05May2026 18:53:33.649] [main/DEBUG] [cpw.mods.modlauncher.TransformationServicesHandler/MODLAUNCHER]: Discovering transformation services
[05May2026 18:53:33.651] [main/DEBUG] [net.neoforged.fml.loading.FMLPaths/CORE]: Path GAMEDIR is C:\Users\12501\MCreatorWorkspaces\mut\run
[05May2026 18:53:33.652] [main/DEBUG] [net.neoforged.fml.loading.FMLPaths/CORE]: Path MODSDIR is C:\Users\12501\MCreatorWorkspaces\mut\run\mods
[05May2026 18:53:33.652] [main/DEBUG] [net.neoforged.fml.loading.FMLPaths/CORE]: Path CONFIGDIR is C:\Users\12501\MCreatorWorkspaces\mut\run\config
[05May2026 18:53:33.652] [main/DEBUG] [net.neoforged.fml.loading.FMLPaths/CORE]: Path FMLCONFIG is C:\Users\12501\MCreatorWorkspaces\mut\run\config\fml.toml
[05May2026 18:53:33.675] [main/DEBUG] [net.neoforged.fml.loading.targets.CommonLaunchHandler/CORE]: Got mod coordinates mcreator%%C:\Users\12501\MCreatorWorkspaces\mut\build\classes\java\main;mcreator%%C:\Users\12501\MCreatorWorkspaces\mut\build\resources\main from env
[05May2026 18:53:33.677] [main/DEBUG] [net.neoforged.fml.loading.targets.CommonLaunchHandler/CORE]: Found supplied mod coordinates [{mcreator=[C:\Users\12501\MCreatorWorkspaces\mut\build\classes\java\main, C:\Users\12501\MCreatorWorkspaces\mut\build\resources\main]}]
[05May2026 18:53:33.679] [main/DEBUG] [cpw.mods.modlauncher.TransformationServicesHandler/MODLAUNCHER]: Found additional transformation services from discovery services: 
[05May2026 18:53:33.683] [main/INFO] [net.neoforged.fml.loading.ImmediateWindowHandler/]: Loading ImmediateWindowProvider fmlearlywindow
[05May2026 18:53:33.757] [main/INFO] [EARLYDISPLAY/]: Trying GL version 4.6
[05May2026 18:53:33.854] [main/INFO] [EARLYDISPLAY/]: Requested GL version 4.6 got version 4.6
[05May2026 18:53:33.915] [main/DEBUG] [cpw.mods.modlauncher.TransformationServicesHandler/MODLAUNCHER]: Found transformer services : [mixin,fml]
[05May2026 18:53:33.915] [main/DEBUG] [cpw.mods.modlauncher.TransformationServicesHandler/MODLAUNCHER]: Transformation services loading
[05May2026 18:53:33.915] [main/DEBUG] [cpw.mods.modlauncher.TransformationServiceDecorator/MODLAUNCHER]: Loading service mixin
[05May2026 18:53:33.916] [main/DEBUG] [cpw.mods.modlauncher.TransformationServiceDecorator/MODLAUNCHER]: Loaded service mixin
[05May2026 18:53:33.916] [main/DEBUG] [cpw.mods.modlauncher.TransformationServiceDecorator/MODLAUNCHER]: Loading service fml
[05May2026 18:53:33.916] [main/DEBUG] [net.neoforged.fml.loading.FMLLoader/CORE]: FML 4.0.41 loading
[05May2026 18:53:33.916] [main/DEBUG] [net.neoforged.fml.loading.FMLLoader/CORE]: FML found ModLauncher version : 11.0.5+main.901c6ea8
[05May2026 18:53:33.916] [main/DEBUG] [net.neoforged.fml.loading.FMLLoader/CORE]: FML found AccessTransformer version : 10.0.1+139da711
[05May2026 18:53:33.918] [main/DEBUG] [net.neoforged.fml.loading.FMLLoader/CORE]: FML found EventBus version : null
[05May2026 18:53:33.918] [main/DEBUG] [net.neoforged.fml.loading.FMLLoader/CORE]: Found Runtime Dist Cleaner
[05May2026 18:53:33.918] [main/DEBUG] [cpw.mods.modlauncher.TransformationServiceDecorator/MODLAUNCHER]: Loaded service fml
[05May2026 18:53:33.919] [main/DEBUG] [cpw.mods.modlauncher.TransformationServicesHandler/MODLAUNCHER]: Configuring option handling for services
[05May2026 18:53:33.926] [main/DEBUG] [net.neoforged.fml.loading.FMLServiceProvider/CORE]: Received command line version data  : VersionInfo[neoForgeVersion=21.1.190, fmlVersion=4.0.41, mcVersion=1.21.1, neoFormVersion=20240808.144430]
[05May2026 18:53:33.926] [main/DEBUG] [cpw.mods.modlauncher.TransformationServicesHandler/MODLAUNCHER]: Transformation services initializing
[05May2026 18:53:33.926] [main/DEBUG] [cpw.mods.modlauncher.TransformationServiceDecorator/MODLAUNCHER]: Initializing transformation service mixin
[05May2026 18:53:33.933] [main/DEBUG] [mixin/]: MixinService [ModLauncher] was successfully booted in cpw.mods.cl.ModuleClassLoader@fad74ee
[05May2026 18:53:33.939] [main/INFO] [mixin/]: SpongePowered MIXIN Subsystem Version=0.8.7 Source=union:/C:/Users/12501/.mcreator/gradle/caches/modules-2/files-2.1/net.fabricmc/sponge-mixin/0.15.2+mixin.0.8.7/2af2f021d8e02a0220dc27a7a72b4666d66d44ca/sponge-mixin-0.15.2+mixin.0.8.7.jar%23138!/ Service=ModLauncher Env=CLIENT
[05May2026 18:53:33.941] [main/DEBUG] [mixin/]: Initialising Mixin Platform Manager
[05May2026 18:53:33.941] [main/DEBUG] [mixin/]: Adding mixin platform agents for container ModLauncher Root Container(ModLauncher:4f56a0a2)
[05May2026 18:53:33.942] [main/DEBUG] [mixin/]: Instancing new MixinPlatformAgentMinecraftForge for ModLauncher Root Container(ModLauncher:4f56a0a2)
[05May2026 18:53:33.942] [main/DEBUG] [mixin/]: MixinPlatformAgentMinecraftForge rejected container ModLauncher Root Container(ModLauncher:4f56a0a2)
[05May2026 18:53:33.942] [main/DEBUG] [mixin/]: Instancing new MixinPlatformAgentDefault for ModLauncher Root Container(ModLauncher:4f56a0a2)
[05May2026 18:53:33.942] [main/DEBUG] [mixin/]: MixinPlatformAgentDefault accepted container ModLauncher Root Container(ModLauncher:4f56a0a2)
[05May2026 18:53:33.943] [main/DEBUG] [cpw.mods.modlauncher.TransformationServiceDecorator/MODLAUNCHER]: Initialized transformation service mixin
[05May2026 18:53:33.943] [main/DEBUG] [cpw.mods.modlauncher.TransformationServiceDecorator/MODLAUNCHER]: Initializing transformation service fml
[05May2026 18:53:33.943] [main/DEBUG] [net.neoforged.fml.loading.FMLServiceProvider/CORE]: Setting up basic FML game directories
[05May2026 18:53:33.943] [main/DEBUG] [net.neoforged.fml.loading.FMLPaths/CORE]: Path GAMEDIR is C:\Users\12501\MCreatorWorkspaces\mut\run
[05May2026 18:53:33.943] [main/DEBUG] [net.neoforged.fml.loading.FMLPaths/CORE]: Path MODSDIR is C:\Users\12501\MCreatorWorkspaces\mut\run\mods
[05May2026 18:53:33.944] [main/DEBUG] [net.neoforged.fml.loading.FMLPaths/CORE]: Path CONFIGDIR is C:\Users\12501\MCreatorWorkspaces\mut\run\config
[05May2026 18:53:33.944] [main/DEBUG] [net.neoforged.fml.loading.FMLPaths/CORE]: Path FMLCONFIG is C:\Users\12501\MCreatorWorkspaces\mut\run\config\fml.toml
[05May2026 18:53:33.944] [main/DEBUG] [net.neoforged.fml.loading.FMLServiceProvider/CORE]: Loading configuration
[05May2026 18:53:33.947] [main/DEBUG] [net.neoforged.fml.loading.FMLServiceProvider/CORE]: Preparing launch handler
[05May2026 18:53:33.947] [main/DEBUG] [net.neoforged.fml.loading.FMLLoader/CORE]: Using forgeclientdev as launch service
[05May2026 18:53:33.948] [main/DEBUG] [cpw.mods.modlauncher.TransformationServiceDecorator/MODLAUNCHER]: Initialized transformation service fml
[05May2026 18:53:33.948] [main/DEBUG] [cpw.mods.modlauncher.TransformationServicesHandler/MODLAUNCHER]: Transformation services begin scanning
[05May2026 18:53:33.949] [main/DEBUG] [cpw.mods.modlauncher.TransformationServiceDecorator/MODLAUNCHER]: Beginning scan trigger - transformation service mixin
[05May2026 18:53:33.949] [main/DEBUG] [cpw.mods.modlauncher.TransformationServiceDecorator/MODLAUNCHER]: End scan trigger - transformation service mixin
[05May2026 18:53:33.949] [main/DEBUG] [cpw.mods.modlauncher.TransformationServiceDecorator/MODLAUNCHER]: Beginning scan trigger - transformation service fml
[05May2026 18:53:33.949] [main/DEBUG] [net.neoforged.fml.loading.FMLServiceProvider/CORE]: Initiating mod scan
[05May2026 18:53:33.949] [main/DEBUG] [net.neoforged.fml.loading.targets.CommonLaunchHandler/CORE]: Got mod coordinates mcreator%%C:\Users\12501\MCreatorWorkspaces\mut\build\classes\java\main;mcreator%%C:\Users\12501\MCreatorWorkspaces\mut\build\resources\main from env
[05May2026 18:53:33.949] [main/DEBUG] [net.neoforged.fml.loading.targets.CommonLaunchHandler/CORE]: Found supplied mod coordinates [{mcreator=[C:\Users\12501\MCreatorWorkspaces\mut\build\classes\java\main, C:\Users\12501\MCreatorWorkspaces\mut\build\resources\main]}]
[05May2026 18:53:33.950] [main/DEBUG] [net.neoforged.fml.loading.targets.CommonDevLaunchHandler/]: Launching with NeoForge from C:\Users\12501\MCreatorWorkspaces\mut\build\moddev\artifacts\neoforge-21.1.190.jar
[05May2026 18:53:33.956] [main/DEBUG] [net.neoforged.fml.util.ServiceLoaderUtil/CORE]: Found 4 implementations of IModFileCandidateLocator:
[05May2026 18:53:33.957] [main/DEBUG] [net.neoforged.fml.util.ServiceLoaderUtil/CORE]: 	       0 - [built-in] net.neoforged.fml.loading.moddiscovery.locators.NeoForgeDevProvider from loader-4.0.41.jar
[05May2026 18:53:33.957] [main/DEBUG] [net.neoforged.fml.util.ServiceLoaderUtil/CORE]: 	       0 - net.neoforged.fml.loading.moddiscovery.locators.ModsFolderLocator from loader-4.0.41.jar
[05May2026 18:53:33.957] [main/DEBUG] [net.neoforged.fml.util.ServiceLoaderUtil/CORE]: 	       0 - net.neoforged.fml.loading.moddiscovery.locators.MavenDirectoryLocator from loader-4.0.41.jar
[05May2026 18:53:33.957] [main/DEBUG] [net.neoforged.fml.util.ServiceLoaderUtil/CORE]: 	   -1000 - [built-in] net.neoforged.fml.loading.moddiscovery.locators.UserdevLocator from loader-4.0.41.jar
[05May2026 18:53:33.960] [main/DEBUG] [net.neoforged.fml.util.ServiceLoaderUtil/CORE]: Found 2 implementations of IModFileReader:
[05May2026 18:53:33.960] [main/DEBUG] [net.neoforged.fml.util.ServiceLoaderUtil/CORE]: 	       0 - net.neoforged.fml.loading.moddiscovery.readers.JarModsDotTomlModFileReader from loader-4.0.41.jar
[05May2026 18:53:33.960] [main/DEBUG] [net.neoforged.fml.util.ServiceLoaderUtil/CORE]: 	   -1000 - net.neoforged.fml.loading.moddiscovery.readers.NestedLibraryModReader from loader-4.0.41.jar
[05May2026 18:53:33.961] [main/DEBUG] [net.neoforged.fml.util.ServiceLoaderUtil/CORE]: Found 1 implementations of IDependencyLocator:
[05May2026 18:53:33.961] [main/DEBUG] [net.neoforged.fml.util.ServiceLoaderUtil/CORE]: 	       0 - net.neoforged.fml.loading.moddiscovery.locators.JarInJarDependencyLocator from loader-4.0.41.jar
[05May2026 18:53:34.000] [main/DEBUG] [net.neoforged.fml.loading.moddiscovery.ModFileInfo/LOADING]: Found valid mod file neoforge-21.1.190.jar with {minecraft} mods - versions {1.21.1}
[05May2026 18:53:34.007] [main/DEBUG] [net.neoforged.fml.loading.moddiscovery.ModFileParser/LOADING]: Considering mod file candidate C:\Users\12501\MCreatorWorkspaces\mut\build\moddev\artifacts\neoforge-21.1.190.jar
[05May2026 18:53:34.015] [main/DEBUG] [net.neoforged.fml.loading.moddiscovery.ModFileInfo/LOADING]: Found valid mod file neoforge-21.1.190.jar with {neoforge} mods - versions {21.1.190}
[05May2026 18:53:34.017] [main/DEBUG] [net.neoforged.fml.loading.moddiscovery.ModListHandler/CORE]: Found mod coordinates from lists: []
[05May2026 18:53:34.019] [main/DEBUG] [net.neoforged.fml.loading.moddiscovery.ModFileParser/LOADING]: Considering mod file candidate C:\Users\12501\MCreatorWorkspaces\mut\build\classes\java\main
[05May2026 18:53:34.023] [main/DEBUG] [net.neoforged.fml.loading.moddiscovery.ModFileInfo/LOADING]: Found valid mod file main with {mut} mods - versions {0.1.19}
[05May2026 18:53:34.031] [main/DEBUG] [net.neoforged.fml.loading.moddiscovery.ModFileParser/LOADING]: Considering mod file candidate C:\Users\12501\MCreatorWorkspaces\mut\build\moddev\artifacts\neoforge-21.1.190.jar
[05May2026 18:53:34.033] [main/DEBUG] [net.neoforged.fml.loading.moddiscovery.ModFileInfo/LOADING]: Found valid mod file neoforge-21.1.190.jar with {neoforge} mods - versions {21.1.190}
[05May2026 18:53:34.035] [pool-2-thread-1/INFO] [EARLYDISPLAY/]: GL info: AMD Radeon RX 7900 XT GL version 4.6.0 Core Profile Context 26.2.2.260209, ATI Technologies Inc.
[05May2026 18:53:34.036] [main/DEBUG] [net.neoforged.fml.loading.moddiscovery.ModFileParser/LOADING]: Considering mod file candidate C:\Users\12501\MCreatorWorkspaces\mut\nexuscompiler-mods-1.21.1\appleskin-neoforge-mc1.21-3.0.8.jar
[05May2026 18:53:34.039] [main/DEBUG] [net.neoforged.fml.loading.moddiscovery.ModFileInfo/LOADING]: Found valid mod file appleskin-neoforge-mc1.21-3.0.8.jar with {appleskin} mods - versions {3.0.8+mc1.21}
[05May2026 18:53:34.041] [main/DEBUG] [net.neoforged.fml.loading.moddiscovery.ModFileParser/LOADING]: Considering mod file candidate C:\Users\12501\MCreatorWorkspaces\mut\nexuscompiler-mods-1.21.1\bookshelf-neoforge-1.21.1-21.1.64.jar
[05May2026 18:53:34.044] [main/DEBUG] [net.neoforged.fml.loading.moddiscovery.ModFileInfo/LOADING]: Found valid mod file bookshelf-neoforge-1.21.1-21.1.64.jar with {bookshelf} mods - versions {21.1.64}
[05May2026 18:53:34.046] [main/DEBUG] [net.neoforged.fml.loading.moddiscovery.ModFileParser/LOADING]: Considering mod file candidate C:\Users\12501\MCreatorWorkspaces\mut\nexuscompiler-mods-1.21.1\durabilitytooltip-1.1.6-neoforge-mc1.21.jar
[05May2026 18:53:34.048] [main/DEBUG] [net.neoforged.fml.loading.moddiscovery.ModFileInfo/LOADING]: Found valid mod file durabilitytooltip-1.1.6-neoforge-mc1.21.jar with {durabilitytooltip} mods - versions {1.1.6}
[05May2026 18:53:34.051] [main/DEBUG] [net.neoforged.fml.loading.moddiscovery.ModFileParser/LOADING]: Considering mod file candidate C:\Users\12501\MCreatorWorkspaces\mut\nexuscompiler-mods-1.21.1\enchdesc-neoforge-1.21.1-21.1.9.jar
[05May2026 18:53:34.053] [main/DEBUG] [net.neoforged.fml.loading.moddiscovery.ModFileInfo/LOADING]: Found valid mod file enchdesc-neoforge-1.21.1-21.1.9.jar with {enchdesc} mods - versions {21.1.9}
[05May2026 18:53:34.055] [main/DEBUG] [net.neoforged.fml.loading.moddiscovery.ModFileParser/LOADING]: Considering mod file candidate C:\Users\12501\MCreatorWorkspaces\mut\nexuscompiler-mods-1.21.1\jei-1.21.1-neoforge-19.27.0.340.jar
[05May2026 18:53:34.057] [main/DEBUG] [net.neoforged.fml.loading.moddiscovery.ModFileInfo/LOADING]: Found valid mod file jei-1.21.1-neoforge-19.27.0.340.jar with {jei} mods - versions {19.27.0.340}
[05May2026 18:53:34.061] [main/DEBUG] [net.neoforged.fml.loading.moddiscovery.ModFileParser/LOADING]: Considering mod file candidate C:\Users\12501\MCreatorWorkspaces\mut\nexuscompiler-mods-1.21.1\prickle-neoforge-1.21.1-21.1.11.jar
[05May2026 18:53:34.062] [main/DEBUG] [net.neoforged.fml.loading.moddiscovery.ModFileInfo/LOADING]: Found valid mod file prickle-neoforge-1.21.1-21.1.11.jar with {prickle} mods - versions {21.1.11}
[05May2026 18:53:34.065] [main/DEBUG] [net.neoforged.fml.loading.moddiscovery.ModFileParser/LOADING]: Considering mod file candidate C:\Users\12501\MCreatorWorkspaces\mut\nexuscompiler-mods-1.21.1\supermartijn642configlib-1.1.8-neoforge-mc1.21.jar
[05May2026 18:53:34.067] [main/DEBUG] [net.neoforged.fml.loading.moddiscovery.ModFileInfo/LOADING]: Found valid mod file supermartijn642configlib-1.1.8-neoforge-mc1.21.jar with {supermartijn642configlib} mods - versions {1.1.8}
[05May2026 18:53:34.070] [main/DEBUG] [net.neoforged.fml.loading.moddiscovery.ModFileParser/LOADING]: Considering mod file candidate C:\Users\12501\MCreatorWorkspaces\mut\nexuscompiler-mods-1.21.1\[输入法冲突修复] IMBlocker-5.4.6.1-neoforge+1.20.6-1.21.8.jar
[05May2026 18:53:34.071] [main/DEBUG] [net.neoforged.fml.loading.moddiscovery.ModFileInfo/LOADING]: Found valid mod file [输入法冲突修复] IMBlocker-5.4.6.1-neoforge+1.20.6-1.21.8.jar with {imblocker} mods - versions {5.4.6.1}
[05May2026 18:53:34.111] [main/DEBUG] [net.neoforged.fml.loading.moddiscovery.ModDiscoverer/]: Skipping C:\Users\12501\.mcreator\gradle\caches\modules-2\files-2.1\net.neoforged.fancymodloader\earlydisplay\4.0.41\53dfbd387ed1b88c7d144bdb6551b7f57d5da6d7\earlydisplay-4.0.41.jar because it was already located earlier
[05May2026 18:53:34.111] [main/DEBUG] [net.neoforged.fml.loading.moddiscovery.ModDiscoverer/]: Skipping C:\Users\12501\.mcreator\gradle\caches\modules-2\files-2.1\net.neoforged.fancymodloader\loader\4.0.41\3aebc81b9347fa87bb629ffaed20276f2a4c944e\loader-4.0.41.jar because it was already located earlier
[05May2026 18:53:34.111] [main/DEBUG] [net.neoforged.fml.loading.moddiscovery.ModDiscoverer/]: Skipping C:\Users\12501\.mcreator\gradle\caches\modules-2\files-2.1\net.neoforged.accesstransformers\at-modlauncher\10.0.1\5aba50202aceead086bc09fbc2751c9f05cb4890\at-modlauncher-10.0.1.jar because it was already located earlier
[05May2026 18:53:34.111] [main/DEBUG] [net.neoforged.fml.loading.moddiscovery.ModDiscoverer/]: Skipping C:\Users\12501\.mcreator\gradle\caches\modules-2\files-2.1\net.neoforged\accesstransformers\10.0.1\fd83b5725f76eae9115e9355fa1c456a6a441400\accesstransformers-10.0.1.jar because it was already located earlier
[05May2026 18:53:34.111] [main/DEBUG] [net.neoforged.fml.loading.moddiscovery.ModDiscoverer/]: Skipping C:\Users\12501\.mcreator\gradle\caches\modules-2\files-2.1\net.neoforged\bus\8.0.5\5b2d33285ab5d1554e9798ad98c40d6ea3868bd5\bus-8.0.5.jar because it was already located earlier
[05May2026 18:53:34.111] [main/DEBUG] [net.neoforged.fml.loading.moddiscovery.ModDiscoverer/]: Skipping C:\Users\12501\.mcreator\gradle\caches\modules-2\files-2.1\net.neoforged\coremods\7.0.3\9147e6f638b4272b3bd5fc8f92ad37802512c6c\coremods-7.0.3.jar because it was already located earlier
[05May2026 18:53:34.111] [main/DEBUG] [net.neoforged.fml.loading.moddiscovery.ModDiscoverer/]: Skipping C:\Users\12501\.mcreator\gradle\caches\modules-2\files-2.1\cpw.mods\modlauncher\11.0.5\b8f0d49294f733fdb6173931b263553e943dc950\modlauncher-11.0.5.jar because it was already located earlier
[05May2026 18:53:34.111] [main/DEBUG] [net.neoforged.fml.loading.moddiscovery.ModDiscoverer/]: Skipping C:\Users\12501\.mcreator\gradle\caches\modules-2\files-2.1\net.neoforged\mergetool\2.0.0\52fe1949be64e3303aabaaa21e315f551db9c9f4\mergetool-2.0.0-api.jar because it was already located earlier
[05May2026 18:53:34.113] [main/DEBUG] [net.neoforged.fml.loading.moddiscovery.ModDiscoverer/]: Skipping C:\Users\12501\.mcreator\gradle\caches\modules-2\files-2.1\com.electronwill.night-config\toml\3.8.2\c128842f759692f613ea6c3ef0ef052273bbb38c\toml-3.8.2.jar because it was already located earlier
[05May2026 18:53:34.113] [main/DEBUG] [net.neoforged.fml.loading.moddiscovery.ModDiscoverer/]: Skipping C:\Users\12501\.mcreator\gradle\caches\modules-2\files-2.1\com.electronwill.night-config\core\3.8.2\94eee571e1524129804d08c75f6416a3be380ad4\core-3.8.2.jar because it was already located earlier
[05May2026 18:53:34.113] [main/DEBUG] [net.neoforged.fml.loading.moddiscovery.ModDiscoverer/]: Skipping C:\Users\12501\.mcreator\gradle\caches\modules-2\files-2.1\net.neoforged\JarJarSelector\0.4.1\fb3cc7a58af22ad2880adb98af6d518128c47dae\JarJarSelector-0.4.1.jar because it was already located earlier
[05May2026 18:53:34.113] [main/DEBUG] [net.neoforged.fml.loading.moddiscovery.ModDiscoverer/]: Skipping C:\Users\12501\.mcreator\gradle\caches\modules-2\files-2.1\net.neoforged\JarJarMetadata\0.4.1\f8da03683dc81694556dc3e177c5e3bb77ae6fcb\JarJarMetadata-0.4.1.jar because it was already located earlier
[05May2026 18:53:34.113] [main/DEBUG] [net.neoforged.fml.loading.moddiscovery.ModDiscoverer/]: Skipping C:\Users\12501\.mcreator\gradle\caches\modules-2\files-2.1\org.apache.maven\maven-artifact\3.8.5\4433f50c07debefaed0553bd0068f4f48d449313\maven-artifact-3.8.5.jar because it was already located earlier
[05May2026 18:53:34.113] [main/DEBUG] [net.neoforged.fml.loading.moddiscovery.ModDiscoverer/]: Skipping C:\Users\12501\.mcreator\gradle\caches\modules-2\files-2.1\net.jodah\typetools\0.6.3\a01aaa6ddaea9ec07ec4f209487b7a46a526283a\typetools-0.6.3.jar because it was already located earlier
[05May2026 18:53:34.113] [main/DEBUG] [net.neoforged.fml.loading.moddiscovery.ModDiscoverer/]: Skipping C:\Users\12501\.mcreator\gradle\caches\modules-2\files-2.1\net.minecrell\terminalconsoleappender\1.3.0\b562e9bb61235c9520e26282cdee71f8f802d1fc\terminalconsoleappender-1.3.0.jar because it was already located earlier
[05May2026 18:53:34.114] [main/DEBUG] [net.neoforged.fml.loading.moddiscovery.ModDiscoverer/]: Skipping C:\Users\12501\.mcreator\gradle\caches\modules-2\files-2.1\net.fabricmc\sponge-mixin\0.15.2+mixin.0.8.7\2af2f021d8e02a0220dc27a7a72b4666d66d44ca\sponge-mixin-0.15.2+mixin.0.8.7.jar because it was already located earlier
[05May2026 18:53:34.114] [main/DEBUG] [net.neoforged.fml.loading.moddiscovery.ModDiscoverer/]: Skipping C:\Users\12501\.mcreator\gradle\caches\modules-2\files-2.1\org.openjdk.nashorn\nashorn-core\15.4\f67f5ffaa5f5130cf6fb9b133da00c7df3b532a5\nashorn-core-15.4.jar because it was already located earlier
[05May2026 18:53:34.114] [main/DEBUG] [net.neoforged.fml.loading.moddiscovery.ModDiscoverer/]: Skipping C:\Users\12501\.mcreator\gradle\caches\modules-2\files-2.1\org.apache.commons\commons-lang3\3.14.0\1ed471194b02f2c6cb734a0cd6f6f107c673afae\commons-lang3-3.14.0.jar because it was already located earlier
[05May2026 18:53:34.114] [main/DEBUG] [net.neoforged.fml.loading.moddiscovery.ModDiscoverer/]: Skipping C:\Users\12501\.mcreator\gradle\caches\modules-2\files-2.1\net.sf.jopt-simple\jopt-simple\5.0.4\4fdac2fbe92dfad86aa6e9301736f6b4342a3f5c\jopt-simple-5.0.4.jar because it was already located earlier
[05May2026 18:53:34.114] [main/DEBUG] [net.neoforged.fml.loading.moddiscovery.ModDiscoverer/]: Skipping C:\Users\12501\.mcreator\gradle\caches\modules-2\files-2.1\commons-io\commons-io\2.15.1\f11560da189ab563a5c8e351941415430e9304ea\commons-io-2.15.1.jar because it was already located earlier
[05May2026 18:53:34.115] [main/DEBUG] [net.neoforged.fml.loading.moddiscovery.ModDiscoverer/]: Skipping C:\Users\12501\.mcreator\gradle\caches\modules-2\files-2.1\com.mojang\logging\1.2.7\24cb95ffb0e3433fd6e844c04e68009e504ca1c0\logging-1.2.7.jar because it was already located earlier
[05May2026 18:53:34.115] [main/DEBUG] [net.neoforged.fml.loading.moddiscovery.ModDiscoverer/]: Skipping C:\Users\12501\.mcreator\gradle\caches\modules-2\files-2.1\org.apache.logging.log4j\log4j-slf4j2-impl\2.22.1\d7e6693c2606cb7e7335047d7bb96dec52db5665\log4j-slf4j2-impl-2.22.1.jar because it was already located earlier
[05May2026 18:53:34.115] [main/DEBUG] [net.neoforged.fml.loading.moddiscovery.ModDiscoverer/]: Skipping C:\Users\12501\.mcreator\gradle\caches\modules-2\files-2.1\org.apache.logging.log4j\log4j-core\2.22.1\7183a25510a02ad00cc6a95d3b3d2a7d3c5a8dc4\log4j-core-2.22.1.jar because it was already located earlier
[05May2026 18:53:34.115] [main/DEBUG] [net.neoforged.fml.loading.moddiscovery.ModDiscoverer/]: Skipping C:\Users\12501\.mcreator\gradle\caches\modules-2\files-2.1\org.apache.logging.log4j\log4j-api\2.22.1\bea6fede6328fabafd7e68363161a7ea6605abd1\log4j-api-2.22.1.jar because it was already located earlier
[05May2026 18:53:34.115] [main/DEBUG] [net.neoforged.fml.loading.moddiscovery.ModDiscoverer/]: Skipping C:\Users\12501\.mcreator\gradle\caches\modules-2\files-2.1\com.google.guava\guava\32.1.2-jre\5e64ec7e056456bef3a4bc4c6fdaef71e8ab6318\guava-32.1.2-jre.jar because it was already located earlier
[05May2026 18:53:34.115] [main/DEBUG] [net.neoforged.fml.loading.moddiscovery.ModDiscoverer/]: Skipping C:\Users\12501\.mcreator\gradle\caches\modules-2\files-2.1\com.google.code.gson\gson\2.10.1\b3add478d4382b78ea20b1671390a858002feb6c\gson-2.10.1.jar because it was already located earlier
[05May2026 18:53:34.115] [main/DEBUG] [net.neoforged.fml.loading.moddiscovery.ModDiscoverer/]: Skipping C:\Users\12501\.mcreator\gradle\caches\modules-2\files-2.1\org.slf4j\slf4j-api\2.0.9\7cf2726fdcfbc8610f9a71fb3ed639871f315340\slf4j-api-2.0.9.jar because it was already located earlier
[05May2026 18:53:34.116] [main/DEBUG] [net.neoforged.fml.loading.moddiscovery.ModDiscoverer/]: Skipping C:\Users\12501\.mcreator\gradle\caches\modules-2\files-2.1\org.antlr\antlr4-runtime\4.13.1\17125bae1d965624e265ef49552f6465a2bfa307\antlr4-runtime-4.13.1.jar because it was already located earlier
[05May2026 18:53:34.116] [main/DEBUG] [net.neoforged.fml.loading.moddiscovery.ModDiscoverer/]: Skipping C:\Users\12501\.mcreator\gradle\caches\modules-2\files-2.1\net.minecraftforge\srgutils\0.4.15\ca408b131759478f164e010fae0d73997e125fb5\srgutils-0.4.15.jar because it was already located earlier
[05May2026 18:53:34.116] [main/DEBUG] [net.neoforged.fml.loading.moddiscovery.ModDiscoverer/]: Skipping C:\Users\12501\.mcreator\gradle\caches\modules-2\files-2.1\org.codehaus.plexus\plexus-utils\3.3.0\cf43b5391de623b36fe066a21127baef82c64022\plexus-utils-3.3.0.jar because it was already located earlier
[05May2026 18:53:34.116] [main/DEBUG] [net.neoforged.fml.loading.moddiscovery.ModDiscoverer/]: Skipping C:\Users\12501\.mcreator\gradle\caches\modules-2\files-2.1\org.jline\jline-reader\3.20.0\8f15415b022a25b473e8e16c28ae913186ffb9c4\jline-reader-3.20.0.jar because it was already located earlier
[05May2026 18:53:34.116] [main/DEBUG] [net.neoforged.fml.loading.moddiscovery.ModDiscoverer/]: Skipping C:\Users\12501\.mcreator\gradle\caches\modules-2\files-2.1\com.machinezoo.noexception\noexception\1.7.1\b65330c98e38a1f915fa54a6e5eca496505e3f0a\noexception-1.7.1.jar because it was already located earlier
[05May2026 18:53:34.116] [main/DEBUG] [net.neoforged.fml.loading.moddiscovery.ModDiscoverer/]: Skipping C:\Users\12501\.mcreator\gradle\caches\modules-2\files-2.1\com.google.guava\failureaccess\1.0.1\1dcf1de382a0bf95a3d8b0849546c88bac1292c9\failureaccess-1.0.1.jar because it was already located earlier
[05May2026 18:53:34.118] [main/DEBUG] [net.neoforged.fml.loading.moddiscovery.ModDiscoverer/]: Skipping C:\Users\12501\.mcreator\gradle\caches\modules-2\files-2.1\com.google.guava\listenablefuture\9999.0-empty-to-avoid-conflict-with-guava\b421526c5f297295adef1c886e5246c39d4ac629\listenablefuture-9999.0-empty-to-avoid-conflict-with-guava.jar because it was already located earlier
[05May2026 18:53:34.118] [main/DEBUG] [net.neoforged.fml.loading.moddiscovery.ModDiscoverer/]: Skipping C:\Users\12501\.mcreator\gradle\caches\modules-2\files-2.1\com.google.code.findbugs\jsr305\3.0.2\25ea2e8b0c338a877313bd4672d3fe056ea78f0d\jsr305-3.0.2.jar because it was already located earlier
[05May2026 18:53:34.119] [main/DEBUG] [net.neoforged.fml.loading.moddiscovery.ModDiscoverer/]: Skipping C:\Users\12501\.mcreator\gradle\caches\modules-2\files-2.1\org.checkerframework\checker-qual\3.33.0\de2b60b62da487644fc11f734e73c8b0b431238f\checker-qual-3.33.0.jar because it was already located earlier
[05May2026 18:53:34.119] [main/DEBUG] [net.neoforged.fml.loading.moddiscovery.ModDiscoverer/]: Skipping C:\Users\12501\.mcreator\gradle\caches\modules-2\files-2.1\com.google.errorprone\error_prone_annotations\2.18.0\89b684257096f548fa39a7df9fdaa409d4d4df91\error_prone_annotations-2.18.0.jar because it was already located earlier
[05May2026 18:53:34.119] [main/DEBUG] [net.neoforged.fml.loading.moddiscovery.ModDiscoverer/]: Skipping C:\Users\12501\.mcreator\gradle\caches\modules-2\files-2.1\com.google.j2objc\j2objc-annotations\2.8\c85270e307e7b822f1086b93689124b89768e273\j2objc-annotations-2.8.jar because it was already located earlier
[05May2026 18:53:34.119] [main/DEBUG] [net.neoforged.fml.loading.moddiscovery.ModDiscoverer/]: Skipping C:\Users\12501\.mcreator\gradle\caches\modules-2\files-2.1\org.jline\jline-terminal\3.20.0\d0ddcc708ddf527a3454c941b7b9225cc83a15ff\jline-terminal-3.20.0.jar because it was already located earlier
[05May2026 18:53:34.119] [main/DEBUG] [net.neoforged.fml.loading.moddiscovery.ModDiscoverer/]: Skipping C:\Users\12501\.mcreator\gradle\caches\modules-2\files-2.1\com.github.oshi\oshi-core\6.4.10\b1d8ab82d11d92fd639b56d639f8f46f739dd5fa\oshi-core-6.4.10.jar because it was already located earlier
[05May2026 18:53:34.119] [main/DEBUG] [net.neoforged.fml.loading.moddiscovery.ModDiscoverer/]: Skipping C:\Users\12501\.mcreator\gradle\caches\modules-2\files-2.1\com.ibm.icu\icu4j\73.2\61ad4ef7f9131fcf6d25c34b817f90d6da06c9e9\icu4j-73.2.jar because it was already located earlier
[05May2026 18:53:34.119] [main/DEBUG] [net.neoforged.fml.loading.moddiscovery.ModDiscoverer/]: Skipping C:\Users\12501\.mcreator\gradle\caches\modules-2\files-2.1\com.mojang\authlib\6.0.54\de8bc95660e1b2fe8793fd427a7a10dcec5b3ea7\authlib-6.0.54.jar because it was already located earlier
[05May2026 18:53:34.119] [main/DEBUG] [net.neoforged.fml.loading.moddiscovery.ModDiscoverer/]: Skipping C:\Users\12501\.mcreator\gradle\caches\modules-2\files-2.1\com.mojang\blocklist\1.0.10\5c685c5ffa94c4cd39496c7184c1d122e515ecef\blocklist-1.0.10.jar because it was already located earlier
[05May2026 18:53:34.119] [main/DEBUG] [net.neoforged.fml.loading.moddiscovery.ModDiscoverer/]: Skipping C:\Users\12501\.mcreator\gradle\caches\modules-2\files-2.1\com.mojang\brigadier\1.3.10\d15b53a14cf20fdcaa98f731af5dda654452c010\brigadier-1.3.10.jar because it was already located earlier
[05May2026 18:53:34.119] [main/DEBUG] [net.neoforged.fml.loading.moddiscovery.ModDiscoverer/]: Skipping C:\Users\12501\.mcreator\gradle\caches\modules-2\files-2.1\com.mojang\datafixerupper\8.0.16\67d4de6d7f95d89bcf5862995fb854ebaec02a34\datafixerupper-8.0.16.jar because it was already located earlier
[05May2026 18:53:34.120] [main/DEBUG] [net.neoforged.fml.loading.moddiscovery.ModDiscoverer/]: Skipping C:\Users\12501\.mcreator\gradle\caches\modules-2\files-2.1\com.mojang\patchy\2.2.10\da05971b07cbb379d002cf7eaec6a2048211fefc\patchy-2.2.10.jar because it was already located earlier
[05May2026 18:53:34.120] [main/DEBUG] [net.neoforged.fml.loading.moddiscovery.ModDiscoverer/]: Skipping C:\Users\12501\.mcreator\gradle\caches\modules-2\files-2.1\com.mojang\text2speech\1.17.9\3cad216e3a7f0c19b4b394388bc9ffc446f13b14\text2speech-1.17.9.jar because it was already located earlier
[05May2026 18:53:34.120] [main/DEBUG] [net.neoforged.fml.loading.moddiscovery.ModDiscoverer/]: Skipping C:\Users\12501\.mcreator\gradle\caches\modules-2\files-2.1\commons-codec\commons-codec\1.16.0\4e3eb3d79888d76b54e28b350915b5dc3919c9de\commons-codec-1.16.0.jar because it was already located earlier
[05May2026 18:53:34.120] [main/DEBUG] [net.neoforged.fml.loading.moddiscovery.ModDiscoverer/]: Skipping C:\Users\12501\.mcreator\gradle\caches\modules-2\files-2.1\commons-logging\commons-logging\1.2\4bfc12adfe4842bf07b657f0369c4cb522955686\commons-logging-1.2.jar because it was already located earlier
[05May2026 18:53:34.120] [main/DEBUG] [net.neoforged.fml.loading.moddiscovery.ModDiscoverer/]: Skipping C:\Users\12501\.mcreator\gradle\caches\modules-2\files-2.1\io.netty\netty-buffer\4.1.97.Final\f8f3d8644afa5e6e1a40a3a6aeb9d9aa970ecb4f\netty-buffer-4.1.97.Final.jar because it was already located earlier
[05May2026 18:53:34.120] [main/DEBUG] [net.neoforged.fml.loading.moddiscovery.ModDiscoverer/]: Skipping C:\Users\12501\.mcreator\gradle\caches\modules-2\files-2.1\io.netty\netty-codec\4.1.97.Final\384ba4d75670befbedb45c4d3b497a93639c206d\netty-codec-4.1.97.Final.jar because it was already located earlier
[05May2026 18:53:34.120] [main/DEBUG] [net.neoforged.fml.loading.moddiscovery.ModDiscoverer/]: Skipping C:\Users\12501\.mcreator\gradle\caches\modules-2\files-2.1\io.netty\netty-common\4.1.97.Final\7cceacaf11df8dc63f23d0fb58e9d4640fc88404\netty-common-4.1.97.Final.jar because it was already located earlier
[05May2026 18:53:34.120] [main/DEBUG] [net.neoforged.fml.loading.moddiscovery.ModDiscoverer/]: Skipping C:\Users\12501\.mcreator\gradle\caches\modules-2\files-2.1\io.netty\netty-handler\4.1.97.Final\abb86c6906bf512bf2b797a41cd7d2e8d3cd7c36\netty-handler-4.1.97.Final.jar because it was already located earlier
[05May2026 18:53:34.120] [main/DEBUG] [net.neoforged.fml.loading.moddiscovery.ModDiscoverer/]: Skipping C:\Users\12501\.mcreator\gradle\caches\modules-2\files-2.1\io.netty\netty-resolver\4.1.97.Final\cec8348108dc76c47cf87c669d514be52c922144\netty-resolver-4.1.97.Final.jar because it was already located earlier
[05May2026 18:53:34.120] [main/DEBUG] [net.neoforged.fml.loading.moddiscovery.ModDiscoverer/]: Skipping C:\Users\12501\.mcreator\gradle\caches\modules-2\files-2.1\io.netty\netty-transport-classes-epoll\4.1.97.Final\795da37ded759e862457a82d9d92c4d39ce8ecee\netty-transport-classes-epoll-4.1.97.Final.jar because it was already located earlier
[05May2026 18:53:34.120] [main/DEBUG] [net.neoforged.fml.loading.moddiscovery.ModDiscoverer/]: Skipping C:\Users\12501\.mcreator\gradle\caches\modules-2\files-2.1\io.netty\netty-transport-native-unix-common\4.1.97.Final\d469d84265ab70095b01b40886cabdd433b6e664\netty-transport-native-unix-common-4.1.97.Final.jar because it was already located earlier
[05May2026 18:53:34.120] [main/DEBUG] [net.neoforged.fml.loading.moddiscovery.ModDiscoverer/]: Skipping C:\Users\12501\.mcreator\gradle\caches\modules-2\files-2.1\io.netty\netty-transport\4.1.97.Final\f37380d23c9bb079bc702910833b2fd532c9abd0\netty-transport-4.1.97.Final.jar because it was already located earlier
[05May2026 18:53:34.120] [main/DEBUG] [net.neoforged.fml.loading.moddiscovery.ModDiscoverer/]: Skipping C:\Users\12501\.mcreator\gradle\caches\modules-2\files-2.1\it.unimi.dsi\fastutil\8.5.12\c24946d46824bd528054bface3231d2ecb7e95e8\fastutil-8.5.12.jar because it was already located earlier
[05May2026 18:53:34.120] [main/DEBUG] [net.neoforged.fml.loading.moddiscovery.ModDiscoverer/]: Skipping C:\Users\12501\.mcreator\gradle\caches\modules-2\files-2.1\net.java.dev.jna\jna-platform\5.14.0\28934d48aed814f11e4c584da55c49fa7032b31b\jna-platform-5.14.0.jar because it was already located earlier
[05May2026 18:53:34.120] [main/DEBUG] [net.neoforged.fml.loading.moddiscovery.ModDiscoverer/]: Skipping C:\Users\12501\.mcreator\gradle\caches\modules-2\files-2.1\net.java.dev.jna\jna\5.14.0\67bf3eaea4f0718cb376a181a629e5f88fa1c9dd\jna-5.14.0.jar because it was already located earlier
[05May2026 18:53:34.121] [main/DEBUG] [net.neoforged.fml.loading.moddiscovery.ModDiscoverer/]: Skipping C:\Users\12501\.mcreator\gradle\caches\modules-2\files-2.1\org.apache.commons\commons-compress\1.26.0\659feffdd12280201c8aacb8f7be94f9a883c824\commons-compress-1.26.0.jar because it was already located earlier
[05May2026 18:53:34.121] [main/DEBUG] [net.neoforged.fml.loading.moddiscovery.ModDiscoverer/]: Skipping C:\Users\12501\.mcreator\gradle\caches\modules-2\files-2.1\org.apache.httpcomponents\httpclient\4.5.13\e5f6cae5ca7ecaac1ec2827a9e2d65ae2869cada\httpclient-4.5.13.jar because it was already located earlier
[05May2026 18:53:34.121] [main/DEBUG] [net.neoforged.fml.loading.moddiscovery.ModDiscoverer/]: Skipping C:\Users\12501\.mcreator\gradle\caches\modules-2\files-2.1\org.apache.httpcomponents\httpcore\4.4.16\51cf043c87253c9f58b539c9f7e44c8894223850\httpcore-4.4.16.jar because it was already located earlier
[05May2026 18:53:34.121] [main/DEBUG] [net.neoforged.fml.loading.moddiscovery.ModDiscoverer/]: Skipping C:\Users\12501\.mcreator\gradle\caches\modules-2\files-2.1\org.jcraft\jorbis\0.0.17\8872d22b293e8f5d7d56ff92be966e6dc28ebdc6\jorbis-0.0.17.jar because it was already located earlier
[05May2026 18:53:34.121] [main/DEBUG] [net.neoforged.fml.loading.moddiscovery.ModDiscoverer/]: Skipping C:\Users\12501\.mcreator\gradle\caches\modules-2\files-2.1\org.joml\joml\1.10.5\22566d58af70ad3d72308bab63b8339906deb649\joml-1.10.5.jar because it was already located earlier
[05May2026 18:53:34.121] [main/DEBUG] [net.neoforged.fml.loading.moddiscovery.ModDiscoverer/]: Skipping C:\Users\12501\.mcreator\gradle\caches\modules-2\files-2.1\org.lwjgl\lwjgl-freetype\3.3.3\a0db6c84a8becc8ca05f9dbfa985edc348a824c7\lwjgl-freetype-3.3.3.jar because it was already located earlier
[05May2026 18:53:34.130] [main/DEBUG] [net.neoforged.fml.loading.moddiscovery.ModDiscoverer/]: Skipping C:\Users\12501\.mcreator\gradle\caches\modules-2\files-2.1\org.lwjgl\lwjgl-freetype\3.3.3\15a8c1de7f51d07a92eae7ce1222557073a0c0c3\lwjgl-freetype-3.3.3-natives-windows-x86.jar because it was already located earlier
[05May2026 18:53:34.130] [main/DEBUG] [net.neoforged.fml.loading.moddiscovery.ModDiscoverer/]: Skipping C:\Users\12501\.mcreator\gradle\caches\modules-2\files-2.1\org.lwjgl\lwjgl-glfw\3.3.3\efa1eb78c5ccd840e9f329717109b5e892d72f8e\lwjgl-glfw-3.3.3.jar because it was already located earlier
[05May2026 18:53:34.139] [main/DEBUG] [net.neoforged.fml.loading.moddiscovery.ModDiscoverer/]: Skipping C:\Users\12501\.mcreator\gradle\caches\modules-2\files-2.1\org.lwjgl\lwjgl-glfw\3.3.3\32334f3fd5270a59bad9939a93115acb6de36dcf\lwjgl-glfw-3.3.3-natives-windows-x86.jar because it was already located earlier
[05May2026 18:53:34.139] [main/DEBUG] [net.neoforged.fml.loading.moddiscovery.ModDiscoverer/]: Skipping C:\Users\12501\.mcreator\gradle\caches\modules-2\files-2.1\org.lwjgl\lwjgl-jemalloc\3.3.3\b543467b7ff3c6920539a88ee602d34098628be5\lwjgl-jemalloc-3.3.3.jar because it was already located earlier
[05May2026 18:53:34.139] [main/DEBUG] [net.neoforged.fml.loading.moddiscovery.ModDiscoverer/]: Skipping C:\Users\12501\.mcreator\gradle\caches\modules-2\files-2.1\org.lwjgl\lwjgl-jemalloc\3.3.3\426222fc027602a5f21b9c0fe79cde6a4c7a011f\lwjgl-jemalloc-3.3.3-natives-windows.jar because it was already located earlier
[05May2026 18:53:34.148] [main/DEBUG] [net.neoforged.fml.loading.moddiscovery.ModDiscoverer/]: Skipping C:\Users\12501\.mcreator\gradle\caches\modules-2\files-2.1\org.lwjgl\lwjgl-openal\3.3.3\daada81ceb5fc0c291fbfdd4433cb8d9423577f2\lwjgl-openal-3.3.3.jar because it was already located earlier
[05May2026 18:53:34.158] [main/DEBUG] [net.neoforged.fml.loading.moddiscovery.ModDiscoverer/]: Skipping C:\Users\12501\.mcreator\gradle\caches\modules-2\files-2.1\org.lwjgl\lwjgl-openal\3.3.3\87b8d5050e3adb46bb58fe1cb2669a4a48fce10d\lwjgl-openal-3.3.3-natives-windows-x86.jar because it was already located earlier
[05May2026 18:53:34.158] [main/DEBUG] [net.neoforged.fml.loading.moddiscovery.ModDiscoverer/]: Skipping C:\Users\12501\.mcreator\gradle\caches\modules-2\files-2.1\org.lwjgl\lwjgl-opengl\3.3.3\2f6b0147078396a58979125a4c947664e98293a\lwjgl-opengl-3.3.3.jar because it was already located earlier
[05May2026 18:53:34.162] [main/DEBUG] [net.neoforged.fml.loading.moddiscovery.ModDiscoverer/]: Skipping C:\Users\12501\.mcreator\gradle\caches\modules-2\files-2.1\org.lwjgl\lwjgl-opengl\3.3.3\65e956d3735a1abdc82eff4baec1b61174697d4b\lwjgl-opengl-3.3.3-natives-windows-arm64.jar because it was already located earlier
[05May2026 18:53:34.171] [main/DEBUG] [net.neoforged.fml.loading.moddiscovery.ModDiscoverer/]: Skipping C:\Users\12501\.mcreator\gradle\caches\modules-2\files-2.1\org.lwjgl\lwjgl-stb\3.3.3\25dd6161988d7e65f71d5065c99902402ee32746\lwjgl-stb-3.3.3.jar because it was already located earlier
[05May2026 18:53:34.171] [main/DEBUG] [net.neoforged.fml.loading.moddiscovery.ModDiscoverer/]: Skipping C:\Users\12501\.mcreator\gradle\caches\modules-2\files-2.1\org.lwjgl\lwjgl-stb\3.3.3\1d9facdf6541de114b0f963be33505b7679c78cb\lwjgl-stb-3.3.3-natives-windows.jar because it was already located earlier
[05May2026 18:53:34.182] [main/DEBUG] [net.neoforged.fml.loading.moddiscovery.ModDiscoverer/]: Skipping C:\Users\12501\.mcreator\gradle\caches\modules-2\files-2.1\org.lwjgl\lwjgl-tinyfd\3.3.3\82d755ca94b102e9ca77283b9e2dc46d1b15fbe5\lwjgl-tinyfd-3.3.3.jar because it was already located earlier
[05May2026 18:53:34.182] [main/DEBUG] [net.neoforged.fml.loading.moddiscovery.ModDiscoverer/]: Skipping C:\Users\12501\.mcreator\gradle\caches\modules-2\files-2.1\org.lwjgl\lwjgl-tinyfd\3.3.3\a6697981b0449a5087c1d546fc08b4f73e8f98c9\lwjgl-tinyfd-3.3.3-natives-windows.jar because it was already located earlier
[05May2026 18:53:34.191] [main/DEBUG] [net.neoforged.fml.loading.moddiscovery.ModDiscoverer/]: Skipping C:\Users\12501\.mcreator\gradle\caches\modules-2\files-2.1\org.lwjgl\lwjgl\3.3.3\29589b5f87ed335a6c7e7ee6a5775f81f97ecb84\lwjgl-3.3.3.jar because it was already located earlier
[05May2026 18:53:34.201] [main/DEBUG] [net.neoforged.fml.loading.moddiscovery.ModDiscoverer/]: Skipping C:\Users\12501\.mcreator\gradle\caches\modules-2\files-2.1\org.lwjgl\lwjgl\3.3.3\9e670718e050aeaeea0c2d5b907cffb142f2e58f\lwjgl-3.3.3-natives-windows-x86.jar because it was already located earlier
[05May2026 18:53:34.202] [main/DEBUG] [net.neoforged.fml.loading.moddiscovery.ModDiscoverer/]: Skipping C:\Users\12501\.mcreator\gradle\caches\modules-2\files-2.1\org.lz4\lz4-java\1.8.0\4b986a99445e49ea5fbf5d149c4b63f6ed6c6780\lz4-java-1.8.0.jar because it was already located earlier
[05May2026 18:53:34.202] [main/DEBUG] [net.neoforged.fml.loading.UniqueModListBuilder/]: Found 2 mods for first modid neoforge, selecting most recent based on version data
[05May2026 18:53:34.203] [main/DEBUG] [net.neoforged.fml.loading.UniqueModListBuilder/]: Selected file neoforge-21.1.190.jar for modid neoforge with version 21.1.190
[05May2026 18:53:34.258] [main/INFO] [net.neoforged.fml.loading.moddiscovery.locators.JarInJarDependencyLocator/]: Found 2 dependencies adding them to mods collection
[05May2026 18:53:34.259] [main/INFO] [net.neoforged.fml.loading.moddiscovery.ModDiscoverer/]: 
     Mod List:
		Name Version (Mod Id)

		AppleSkin 3.0.8+mc1.21 (appleskin)
		Bookshelf 21.1.64 (bookshelf)
		Durability Tooltip 1.1.6 (durabilitytooltip)
		EnchantmentDescriptions 21.1.9 (enchdesc)
		IMBlocker 5.4.6.1 (imblocker)
		Just Enough Items 19.27.0.340 (jei)
		Minecraft 1.21.1 (minecraft)
		MoreUpgradeTemplate 0.1.19 (mut)
		NeoForge 21.1.190 (neoforge)
		PrickleMC 21.1.11 (prickle)
		SuperMartijn642's Config Library 1.1.8 (supermartijn642configlib)
[05May2026 18:53:34.259] [main/DEBUG] [net.neoforged.fml.loading.moddiscovery.ModFileInfo/LOADING]: Found valid mod file neoforge-21.1.190.jar with {minecraft} mods - versions {1.21.1}
[05May2026 18:53:34.260] [main/DEBUG] [net.neoforged.fml.loading.moddiscovery.ModFile/LOADING]: Loading mod file C:\Users\12501\MCreatorWorkspaces\mut\build\moddev\artifacts\neoforge-21.1.190.jar with languages [LanguageSpec[languageName=minecraft, acceptedVersions=1]]
[05May2026 18:53:34.261] [main/DEBUG] [net.neoforged.fml.loading.moddiscovery.ModFileParser/LOADING]: Considering mod file candidate C:\Users\12501\MCreatorWorkspaces\mut\nexuscompiler-mods-1.21.1\prickle-neoforge-1.21.1-21.1.11.jar
[05May2026 18:53:34.262] [main/DEBUG] [net.neoforged.fml.loading.moddiscovery.ModFileInfo/LOADING]: Found valid mod file prickle-neoforge-1.21.1-21.1.11.jar with {prickle} mods - versions {21.1.11}
[05May2026 18:53:34.262] [main/DEBUG] [net.neoforged.fml.loading.moddiscovery.ModFile/LOADING]: Loading mod file C:\Users\12501\MCreatorWorkspaces\mut\nexuscompiler-mods-1.21.1\prickle-neoforge-1.21.1-21.1.11.jar with languages [LanguageSpec[languageName=javafml, acceptedVersions=[4,)]]
[05May2026 18:53:34.263] [main/DEBUG] [net.neoforged.fml.loading.moddiscovery.ModFile/LOADING]: Found mixin config MixinConfig[config=prickle.mixins.json, requiredMods=[]]
[05May2026 18:53:34.263] [main/DEBUG] [net.neoforged.fml.loading.moddiscovery.ModFile/LOADING]: Found mixin config MixinConfig[config=prickle.neoforge.mixins.json, requiredMods=[]]
[05May2026 18:53:34.263] [main/DEBUG] [net.neoforged.fml.loading.moddiscovery.ModFileParser/LOADING]: Considering mod file candidate C:\Users\12501\MCreatorWorkspaces\mut\nexuscompiler-mods-1.21.1\enchdesc-neoforge-1.21.1-21.1.9.jar
[05May2026 18:53:34.264] [main/DEBUG] [net.neoforged.fml.loading.moddiscovery.ModFileInfo/LOADING]: Found valid mod file enchdesc-neoforge-1.21.1-21.1.9.jar with {enchdesc} mods - versions {21.1.9}
[05May2026 18:53:34.265] [main/DEBUG] [net.neoforged.fml.loading.moddiscovery.ModFile/LOADING]: Loading mod file C:\Users\12501\MCreatorWorkspaces\mut\nexuscompiler-mods-1.21.1\enchdesc-neoforge-1.21.1-21.1.9.jar with languages [LanguageSpec[languageName=javafml, acceptedVersions=[4,)]]
[05May2026 18:53:34.265] [main/DEBUG] [net.neoforged.fml.loading.moddiscovery.ModFile/LOADING]: Found mixin config MixinConfig[config=enchdesc.mixins.json, requiredMods=[]]
[05May2026 18:53:34.265] [main/DEBUG] [net.neoforged.fml.loading.moddiscovery.ModFile/LOADING]: Found mixin config MixinConfig[config=enchdesc.neoforge.mixins.json, requiredMods=[]]
[05May2026 18:53:34.265] [main/DEBUG] [net.neoforged.fml.loading.moddiscovery.ModFileParser/LOADING]: Considering mod file candidate C:\Users\12501\MCreatorWorkspaces\mut\nexuscompiler-mods-1.21.1\bookshelf-neoforge-1.21.1-21.1.64.jar
[05May2026 18:53:34.266] [main/DEBUG] [net.neoforged.fml.loading.moddiscovery.ModFileInfo/LOADING]: Found valid mod file bookshelf-neoforge-1.21.1-21.1.64.jar with {bookshelf} mods - versions {21.1.64}
[05May2026 18:53:34.266] [main/DEBUG] [net.neoforged.fml.loading.moddiscovery.ModFile/LOADING]: Loading mod file C:\Users\12501\MCreatorWorkspaces\mut\nexuscompiler-mods-1.21.1\bookshelf-neoforge-1.21.1-21.1.64.jar with languages [LanguageSpec[languageName=javafml, acceptedVersions=[4,)]]
[05May2026 18:53:34.266] [main/DEBUG] [net.neoforged.fml.loading.moddiscovery.ModFile/LOADING]: Found mixin config MixinConfig[config=bookshelf.mixins.json, requiredMods=[]]
[05May2026 18:53:34.266] [main/DEBUG] [net.neoforged.fml.loading.moddiscovery.ModFile/LOADING]: Found mixin config MixinConfig[config=bookshelf.neoforge.mixins.json, requiredMods=[]]
[05May2026 18:53:34.266] [main/DEBUG] [net.neoforged.fml.loading.moddiscovery.ModFileParser/LOADING]: Considering mod file candidate C:\Users\12501\MCreatorWorkspaces\mut\nexuscompiler-mods-1.21.1\supermartijn642configlib-1.1.8-neoforge-mc1.21.jar
[05May2026 18:53:34.267] [main/DEBUG] [net.neoforged.fml.loading.moddiscovery.ModFileInfo/LOADING]: Found valid mod file supermartijn642configlib-1.1.8-neoforge-mc1.21.jar with {supermartijn642configlib} mods - versions {1.1.8}
[05May2026 18:53:34.268] [main/DEBUG] [net.neoforged.fml.loading.moddiscovery.ModFile/LOADING]: Loading mod file C:\Users\12501\MCreatorWorkspaces\mut\nexuscompiler-mods-1.21.1\supermartijn642configlib-1.1.8-neoforge-mc1.21.jar with languages [LanguageSpec[languageName=javafml, acceptedVersions=[1,)]]
[05May2026 18:53:34.268] [main/DEBUG] [net.neoforged.fml.loading.moddiscovery.ModFileParser/LOADING]: Considering mod file candidate C:\Users\12501\MCreatorWorkspaces\mut\nexuscompiler-mods-1.21.1\durabilitytooltip-1.1.6-neoforge-mc1.21.jar
[05May2026 18:53:34.269] [main/DEBUG] [net.neoforged.fml.loading.moddiscovery.ModFileInfo/LOADING]: Found valid mod file durabilitytooltip-1.1.6-neoforge-mc1.21.jar with {durabilitytooltip} mods - versions {1.1.6}
[05May2026 18:53:34.269] [main/DEBUG] [net.neoforged.fml.loading.moddiscovery.ModFile/LOADING]: Loading mod file C:\Users\12501\MCreatorWorkspaces\mut\nexuscompiler-mods-1.21.1\durabilitytooltip-1.1.6-neoforge-mc1.21.jar with languages [LanguageSpec[languageName=javafml, acceptedVersions=[1,)]]
[05May2026 18:53:34.269] [main/DEBUG] [net.neoforged.fml.loading.moddiscovery.ModFile/LOADING]: Found mixin config MixinConfig[config=durabilitytooltip.mixins.json, requiredMods=[]]
[05May2026 18:53:34.270] [main/DEBUG] [net.neoforged.fml.loading.moddiscovery.ModFileParser/LOADING]: Considering mod file candidate C:\Users\12501\MCreatorWorkspaces\mut\nexuscompiler-mods-1.21.1\appleskin-neoforge-mc1.21-3.0.8.jar
[05May2026 18:53:34.271] [main/DEBUG] [net.neoforged.fml.loading.moddiscovery.ModFileInfo/LOADING]: Found valid mod file appleskin-neoforge-mc1.21-3.0.8.jar with {appleskin} mods - versions {3.0.8+mc1.21}
[05May2026 18:53:34.271] [main/DEBUG] [net.neoforged.fml.loading.moddiscovery.ModFile/LOADING]: Loading mod file C:\Users\12501\MCreatorWorkspaces\mut\nexuscompiler-mods-1.21.1\appleskin-neoforge-mc1.21-3.0.8.jar with languages [LanguageSpec[languageName=javafml, acceptedVersions=[2,)]]
[05May2026 18:53:34.271] [main/DEBUG] [net.neoforged.fml.loading.moddiscovery.ModFileParser/LOADING]: Considering mod file candidate C:\Users\12501\MCreatorWorkspaces\mut\nexuscompiler-mods-1.21.1\[输入法冲突修复] IMBlocker-5.4.6.1-neoforge+1.20.6-1.21.8.jar
[05May2026 18:53:34.272] [main/DEBUG] [net.neoforged.fml.loading.moddiscovery.ModFileInfo/LOADING]: Found valid mod file [输入法冲突修复] IMBlocker-5.4.6.1-neoforge+1.20.6-1.21.8.jar with {imblocker} mods - versions {5.4.6.1}
[05May2026 18:53:34.272] [main/DEBUG] [net.neoforged.fml.loading.moddiscovery.ModFile/LOADING]: Loading mod file C:\Users\12501\MCreatorWorkspaces\mut\nexuscompiler-mods-1.21.1\[输入法冲突修复] IMBlocker-5.4.6.1-neoforge+1.20.6-1.21.8.jar with languages [LanguageSpec[languageName=javafml, acceptedVersions=[2,)]]
[05May2026 18:53:34.272] [main/DEBUG] [net.neoforged.fml.loading.moddiscovery.ModFile/LOADING]: Found mixin config MixinConfig[config=imblocker-neoforge.mixins.json, requiredMods=[]]
[05May2026 18:53:34.272] [main/DEBUG] [net.neoforged.fml.loading.moddiscovery.ModFileParser/LOADING]: Considering mod file candidate C:\Users\12501\MCreatorWorkspaces\mut\build\moddev\artifacts\neoforge-21.1.190.jar
[05May2026 18:53:34.272] [main/DEBUG] [net.neoforged.fml.loading.moddiscovery.ModFileInfo/LOADING]: Found valid mod file neoforge-21.1.190.jar with {neoforge} mods - versions {21.1.190}
[05May2026 18:53:34.272] [main/DEBUG] [net.neoforged.fml.loading.moddiscovery.ModFile/LOADING]: Loading mod file C:\Users\12501\MCreatorWorkspaces\mut\build\moddev\artifacts\neoforge-21.1.190.jar with languages [LanguageSpec[languageName=javafml, acceptedVersions=[3,]]]
[05May2026 18:53:34.273] [main/DEBUG] [net.neoforged.fml.loading.moddiscovery.ModFile/LOADING]: Found mixin config MixinConfig[config=neoforge.mixins.json, requiredMods=[]]
[05May2026 18:53:34.273] [main/DEBUG] [net.neoforged.fml.loading.moddiscovery.ModFileParser/LOADING]: Considering mod file candidate C:\Users\12501\MCreatorWorkspaces\mut\build\classes\java\main
[05May2026 18:53:34.274] [main/DEBUG] [net.neoforged.fml.loading.moddiscovery.ModFileInfo/LOADING]: Found valid mod file main with {mut} mods - versions {0.1.19}
[05May2026 18:53:34.274] [main/DEBUG] [net.neoforged.fml.loading.moddiscovery.ModFile/LOADING]: Loading mod file C:\Users\12501\MCreatorWorkspaces\mut\build\classes\java\main with languages [LanguageSpec[languageName=javafml, acceptedVersions=[4,)]]
[05May2026 18:53:34.274] [main/DEBUG] [net.neoforged.fml.loading.moddiscovery.ModFile/LOADING]: Found mixin config MixinConfig[config=mut.mixins.json, requiredMods=[]]
[05May2026 18:53:34.274] [main/DEBUG] [net.neoforged.fml.loading.moddiscovery.ModFileParser/LOADING]: Considering mod file candidate C:\Users\12501\MCreatorWorkspaces\mut\nexuscompiler-mods-1.21.1\jei-1.21.1-neoforge-19.27.0.340.jar
[05May2026 18:53:34.276] [main/DEBUG] [net.neoforged.fml.loading.moddiscovery.ModFileInfo/LOADING]: Found valid mod file jei-1.21.1-neoforge-19.27.0.340.jar with {jei} mods - versions {19.27.0.340}
[05May2026 18:53:34.276] [main/DEBUG] [net.neoforged.fml.loading.moddiscovery.ModFile/LOADING]: Loading mod file C:\Users\12501\MCreatorWorkspaces\mut\nexuscompiler-mods-1.21.1\jei-1.21.1-neoforge-19.27.0.340.jar with languages [LanguageSpec[languageName=javafml, acceptedVersions=[4,)]]
[05May2026 18:53:34.277] [main/DEBUG] [net.neoforged.fml.loading.moddiscovery.ModFile/LOADING]: Loading mod file  with languages []
[05May2026 18:53:34.277] [main/DEBUG] [cpw.mods.modlauncher.TransformationServiceDecorator/MODLAUNCHER]: End scan trigger - transformation service fml
[05May2026 18:53:34.283] [main/DEBUG] [net.neoforged.fml.util.ServiceLoaderUtil/CORE]: Found 3 implementations of IModLanguageLoader:
[05May2026 18:53:34.283] [main/DEBUG] [net.neoforged.fml.util.ServiceLoaderUtil/CORE]: 	net.neoforged.fml.javafmlmod.FMLJavaModLanguageProvider from loader-4.0.41.jar
[05May2026 18:53:34.283] [main/DEBUG] [net.neoforged.fml.util.ServiceLoaderUtil/CORE]: 	net.neoforged.fml.lowcodemod.LowCodeModLanguageProvider from loader-4.0.41.jar
[05May2026 18:53:34.283] [main/DEBUG] [net.neoforged.fml.util.ServiceLoaderUtil/CORE]: 	net.neoforged.fml.mclanguageprovider.MinecraftModLanguageProvider from loader-4.0.41.jar
[05May2026 18:53:34.283] [main/DEBUG] [net.neoforged.fml.loading.LanguageProviderLoader/CORE]: Found language provider javafml, version 4.0.41
[05May2026 18:53:34.284] [main/DEBUG] [net.neoforged.fml.loading.LanguageProviderLoader/CORE]: Found language provider lowcodefml, version 4.0.41
[05May2026 18:53:34.284] [main/DEBUG] [net.neoforged.fml.loading.LanguageProviderLoader/CORE]: Found language provider minecraft, version 4.0.41
[05May2026 18:53:34.287] [main/DEBUG] [net.neoforged.fml.loading.ModSorter/]: Configured system mods: [minecraft, neoforge]
[05May2026 18:53:34.287] [main/DEBUG] [net.neoforged.fml.loading.ModSorter/]: Found system mod: minecraft
[05May2026 18:53:34.287] [main/DEBUG] [net.neoforged.fml.loading.ModSorter/]: Found system mod: neoforge
[05May2026 18:53:34.287] [main/DEBUG] [net.neoforged.fml.loading.ModSorter/LOADING]: Found 19 mod requirements (18 mandatory, 1 optional)
[05May2026 18:53:34.288] [main/DEBUG] [net.neoforged.fml.loading.ModSorter/LOADING]: Found 0 mod requirements missing (0 mandatory, 0 optional)
[05May2026 18:53:34.373] [main/DEBUG] [mixin/]: Adding mixin platform agents for container net.neoforged.fml.loading.mixin.FMLMixinContainerHandle@4349754
[05May2026 18:53:34.374] [main/DEBUG] [mixin/]: Instancing new MixinPlatformAgentMinecraftForge for net.neoforged.fml.loading.mixin.FMLMixinContainerHandle@4349754
[05May2026 18:53:34.374] [main/DEBUG] [mixin/]: MixinPlatformAgentMinecraftForge rejected container net.neoforged.fml.loading.mixin.FMLMixinContainerHandle@4349754
[05May2026 18:53:34.374] [main/DEBUG] [mixin/]: Instancing new MixinPlatformAgentDefault for net.neoforged.fml.loading.mixin.FMLMixinContainerHandle@4349754
[05May2026 18:53:34.374] [main/DEBUG] [mixin/]: MixinPlatformAgentDefault accepted container net.neoforged.fml.loading.mixin.FMLMixinContainerHandle@4349754
[05May2026 18:53:34.374] [main/DEBUG] [mixin/]: Instancing new FMLMixinPlatformAgent for net.neoforged.fml.loading.mixin.FMLMixinContainerHandle@4349754
[05May2026 18:53:34.374] [main/DEBUG] [mixin/]: FMLMixinPlatformAgent accepted container net.neoforged.fml.loading.mixin.FMLMixinContainerHandle@4349754
[05May2026 18:53:34.378] [main/DEBUG] [cpw.mods.modlauncher.TransformationServicesHandler/MODLAUNCHER]: Transformation services loading transformers
[05May2026 18:53:34.378] [main/DEBUG] [cpw.mods.modlauncher.TransformationServiceDecorator/MODLAUNCHER]: Initializing transformers for transformation service mixin
[05May2026 18:53:34.379] [main/DEBUG] [cpw.mods.modlauncher.TransformationServiceDecorator/MODLAUNCHER]: Initialized transformers for transformation service mixin
[05May2026 18:53:34.379] [main/DEBUG] [cpw.mods.modlauncher.TransformationServiceDecorator/MODLAUNCHER]: Initializing transformers for transformation service fml
[05May2026 18:53:34.379] [main/DEBUG] [net.neoforged.fml.loading.FMLServiceProvider/LOADING]: Loading coremod transformers
[05May2026 18:53:34.380] [main/DEBUG] [net.neoforged.fml.loading.FMLServiceProvider/CORE]: Not loading coremod script-engine since no mod requested it
[05May2026 18:53:34.381] [main/DEBUG] [net.neoforged.fml.util.ServiceLoaderUtil/CORE]: Found 1 implementations of ICoreMod:
[05May2026 18:53:34.382] [main/DEBUG] [net.neoforged.fml.util.ServiceLoaderUtil/CORE]: 	net.neoforged.neoforge.coremods.NeoForgeCoreMod from neoforge-21.1.190.jar > net.neoforged.neoforge-coremods-21.1.190.jar
[05May2026 18:53:34.389] [main/DEBUG] [net.neoforged.fml.loading.FMLServiceProvider/CORE]: Adding [Target[className=net.minecraft.world.level.biome.Biome, elementName=, elementDescriptor=, targetType=cpw.mods.modlauncher.api.TargetType@2826f61]] transformer from core-mod net.neoforged.neoforge.coremods.NeoForgeCoreMod@4e2916c3 in neoforge-21.1.190.jar > net.neoforged.neoforge-coremods-21.1.190.jar
[05May2026 18:53:34.389] [main/DEBUG] [net.neoforged.fml.loading.FMLServiceProvider/CORE]: Adding [Target[className=net.minecraft.world.level.levelgen.structure.Structure, elementName=, elementDescriptor=, targetType=cpw.mods.modlauncher.api.TargetType@2826f61]] transformer from core-mod net.neoforged.neoforge.coremods.NeoForgeCoreMod@4e2916c3 in neoforge-21.1.190.jar > net.neoforged.neoforge-coremods-21.1.190.jar
[05May2026 18:53:34.389] [main/DEBUG] [net.neoforged.fml.loading.FMLServiceProvider/CORE]: Adding [Target[className=net.minecraft.world.level.block.FlowerPotBlock, elementName=, elementDescriptor=, targetType=cpw.mods.modlauncher.api.TargetType@2826f61]] transformer from core-mod net.neoforged.neoforge.coremods.NeoForgeCoreMod@4e2916c3 in neoforge-21.1.190.jar > net.neoforged.neoforge-coremods-21.1.190.jar
[05May2026 18:53:34.389] [main/DEBUG] [net.neoforged.fml.loading.FMLServiceProvider/CORE]: Adding [Target[className=net/minecraft/world/level/NaturalSpawner, elementName=, elementDescriptor=, targetType=cpw.mods.modlauncher.api.TargetType@2826f61], Target[className=net/minecraft/world/level/levelgen/structure/structures/WoodlandMansionPieces$WoodlandMansionPiece, elementName=, elementDescriptor=, targetType=cpw.mods.modlauncher.api.TargetType@2826f61], Target[className=net/minecraft/world/level/levelgen/PhantomSpawner, elementName=, elementDescriptor=, targetType=cpw.mods.modlauncher.api.TargetType@2826f61], Target[className=net/minecraft/world/entity/monster/Zombie, elementName=, elementDescriptor=, targetType=cpw.mods.modlauncher.api.TargetType@2826f61], Target[className=net/minecraft/world/entity/monster/Spider, elementName=, elementDescriptor=, targetType=cpw.mods.modlauncher.api.TargetType@2826f61], Target[className=net/minecraft/world/entity/monster/ZombieVillager, elementName=, elementDescriptor=, targetType=cpw.mods.modlauncher.api.TargetType@2826f61], Target[className=net/minecraft/world/level/levelgen/structure/structures/OceanMonumentPieces$OceanMonumentPiece, elementName=, elementDescriptor=, targetType=cpw.mods.modlauncher.api.TargetType@2826f61], Target[className=net/minecraft/world/entity/raid/Raid, elementName=, elementDescriptor=, targetType=cpw.mods.modlauncher.api.TargetType@2826f61], Target[className=net/minecraft/world/level/levelgen/structure/templatesystem/StructureTemplate, elementName=, elementDescriptor=, targetType=cpw.mods.modlauncher.api.TargetType@2826f61], Target[className=net/minecraft/world/entity/monster/Strider, elementName=, elementDescriptor=, targetType=cpw.mods.modlauncher.api.TargetType@2826f61], Target[className=net/minecraft/world/entity/EntityType, elementName=, elementDescriptor=, targetType=cpw.mods.modlauncher.api.TargetType@2826f61], Target[className=net/minecraft/world/entity/animal/horse/SkeletonTrapGoal, elementName=, elementDescriptor=, targetType=cpw.mods.modlauncher.api.TargetType@2826f61], Target[className=net/minecraft/world/level/levelgen/structure/structures/OceanRuinPieces$OceanRuinPiece, elementName=, elementDescriptor=, targetType=cpw.mods.modlauncher.api.TargetType@2826f61], Target[className=net/minecraft/world/entity/animal/frog/Tadpole, elementName=, elementDescriptor=, targetType=cpw.mods.modlauncher.api.TargetType@2826f61], Target[className=net/minecraft/world/level/levelgen/structure/structures/SwampHutPiece, elementName=, elementDescriptor=, targetType=cpw.mods.modlauncher.api.TargetType@2826f61], Target[className=net/minecraft/world/entity/npc/Villager, elementName=, elementDescriptor=, targetType=cpw.mods.modlauncher.api.TargetType@2826f61], Target[className=net/minecraft/world/entity/npc/CatSpawner, elementName=, elementDescriptor=, targetType=cpw.mods.modlauncher.api.TargetType@2826f61], Target[className=net/minecraft/server/commands/SummonCommand, elementName=, elementDescriptor=, targetType=cpw.mods.modlauncher.api.TargetType@2826f61], Target[className=net/minecraft/server/commands/RaidCommand, elementName=, elementDescriptor=, targetType=cpw.mods.modlauncher.api.TargetType@2826f61], Target[className=net/minecraft/world/entity/monster/Evoker$EvokerSummonSpellGoal, elementName=, elementDescriptor=, targetType=cpw.mods.modlauncher.api.TargetType@2826f61], Target[className=net/minecraft/world/level/levelgen/PatrolSpawner, elementName=, elementDescriptor=, targetType=cpw.mods.modlauncher.api.TargetType@2826f61], Target[className=net/minecraft/world/entity/ai/village/VillageSiege, elementName=, elementDescriptor=, targetType=cpw.mods.modlauncher.api.TargetType@2826f61]] transformer from core-mod net.neoforged.neoforge.coremods.NeoForgeCoreMod@4e2916c3 in neoforge-21.1.190.jar > net.neoforged.neoforge-coremods-21.1.190.jar
[05May2026 18:53:34.392] [main/DEBUG] [cpw.mods.modlauncher.TransformStore/MODLAUNCHER]: Adding transformer net.neoforged.neoforge.coremods.ReplaceFieldWithGetterAccess@205b132e to Target : cpw.mods.modlauncher.api.TargetType@2826f61 {Lnet/minecraft/world/level/biome/Biome;} {} {V}
[05May2026 18:53:34.394] [main/DEBUG] [cpw.mods.modlauncher.TransformStore/MODLAUNCHER]: Adding transformer net.neoforged.neoforge.coremods.ReplaceFieldWithGetterAccess@2301b75 to Target : cpw.mods.modlauncher.api.TargetType@2826f61 {Lnet/minecraft/world/level/levelgen/structure/Structure;} {} {V}
[05May2026 18:53:34.395] [main/DEBUG] [cpw.mods.modlauncher.TransformStore/MODLAUNCHER]: Adding transformer net.neoforged.neoforge.coremods.ReplaceFieldWithGetterAccess@3104f7bd to Target : cpw.mods.modlauncher.api.TargetType@2826f61 {Lnet/minecraft/world/level/block/FlowerPotBlock;} {} {V}
[05May2026 18:53:34.395] [main/DEBUG] [cpw.mods.modlauncher.TransformStore/MODLAUNCHER]: Adding transformer net.neoforged.neoforge.coremods.MethodRedirector@2f5c1332 to Target : cpw.mods.modlauncher.api.TargetType@2826f61 {Lnet/minecraft/world/level/NaturalSpawner;} {} {V}
[05May2026 18:53:34.395] [main/DEBUG] [cpw.mods.modlauncher.TransformStore/MODLAUNCHER]: Adding transformer net.neoforged.neoforge.coremods.MethodRedirector@2f5c1332 to Target : cpw.mods.modlauncher.api.TargetType@2826f61 {Lnet/minecraft/world/level/levelgen/structure/structures/WoodlandMansionPieces$WoodlandMansionPiece;} {} {V}
[05May2026 18:53:34.395] [main/DEBUG] [cpw.mods.modlauncher.TransformStore/MODLAUNCHER]: Adding transformer net.neoforged.neoforge.coremods.MethodRedirector@2f5c1332 to Target : cpw.mods.modlauncher.api.TargetType@2826f61 {Lnet/minecraft/world/level/levelgen/PhantomSpawner;} {} {V}
[05May2026 18:53:34.395] [main/DEBUG] [cpw.mods.modlauncher.TransformStore/MODLAUNCHER]: Adding transformer net.neoforged.neoforge.coremods.MethodRedirector@2f5c1332 to Target : cpw.mods.modlauncher.api.TargetType@2826f61 {Lnet/minecraft/world/entity/monster/Zombie;} {} {V}
[05May2026 18:53:34.395] [main/DEBUG] [cpw.mods.modlauncher.TransformStore/MODLAUNCHER]: Adding transformer net.neoforged.neoforge.coremods.MethodRedirector@2f5c1332 to Target : cpw.mods.modlauncher.api.TargetType@2826f61 {Lnet/minecraft/world/entity/monster/Spider;} {} {V}
[05May2026 18:53:34.395] [main/DEBUG] [cpw.mods.modlauncher.TransformStore/MODLAUNCHER]: Adding transformer net.neoforged.neoforge.coremods.MethodRedirector@2f5c1332 to Target : cpw.mods.modlauncher.api.TargetType@2826f61 {Lnet/minecraft/world/entity/monster/ZombieVillager;} {} {V}
[05May2026 18:53:34.395] [main/DEBUG] [cpw.mods.modlauncher.TransformStore/MODLAUNCHER]: Adding transformer net.neoforged.neoforge.coremods.MethodRedirector@2f5c1332 to Target : cpw.mods.modlauncher.api.TargetType@2826f61 {Lnet/minecraft/world/level/levelgen/structure/structures/OceanMonumentPieces$OceanMonumentPiece;} {} {V}
[05May2026 18:53:34.395] [main/DEBUG] [cpw.mods.modlauncher.TransformStore/MODLAUNCHER]: Adding transformer net.neoforged.neoforge.coremods.MethodRedirector@2f5c1332 to Target : cpw.mods.modlauncher.api.TargetType@2826f61 {Lnet/minecraft/world/entity/raid/Raid;} {} {V}
[05May2026 18:53:34.395] [main/DEBUG] [cpw.mods.modlauncher.TransformStore/MODLAUNCHER]: Adding transformer net.neoforged.neoforge.coremods.MethodRedirector@2f5c1332 to Target : cpw.mods.modlauncher.api.TargetType@2826f61 {Lnet/minecraft/world/level/levelgen/structure/templatesystem/StructureTemplate;} {} {V}
[05May2026 18:53:34.396] [main/DEBUG] [cpw.mods.modlauncher.TransformStore/MODLAUNCHER]: Adding transformer net.neoforged.neoforge.coremods.MethodRedirector@2f5c1332 to Target : cpw.mods.modlauncher.api.TargetType@2826f61 {Lnet/minecraft/world/entity/monster/Strider;} {} {V}
[05May2026 18:53:34.396] [main/DEBUG] [cpw.mods.modlauncher.TransformStore/MODLAUNCHER]: Adding transformer net.neoforged.neoforge.coremods.MethodRedirector@2f5c1332 to Target : cpw.mods.modlauncher.api.TargetType@2826f61 {Lnet/minecraft/world/entity/EntityType;} {} {V}
[05May2026 18:53:34.396] [main/DEBUG] [cpw.mods.modlauncher.TransformStore/MODLAUNCHER]: Adding transformer net.neoforged.neoforge.coremods.MethodRedirector@2f5c1332 to Target : cpw.mods.modlauncher.api.TargetType@2826f61 {Lnet/minecraft/world/entity/animal/horse/SkeletonTrapGoal;} {} {V}
[05May2026 18:53:34.396] [main/DEBUG] [cpw.mods.modlauncher.TransformStore/MODLAUNCHER]: Adding transformer net.neoforged.neoforge.coremods.MethodRedirector@2f5c1332 to Target : cpw.mods.modlauncher.api.TargetType@2826f61 {Lnet/minecraft/world/level/levelgen/structure/structures/OceanRuinPieces$OceanRuinPiece;} {} {V}
[05May2026 18:53:34.396] [main/DEBUG] [cpw.mods.modlauncher.TransformStore/MODLAUNCHER]: Adding transformer net.neoforged.neoforge.coremods.MethodRedirector@2f5c1332 to Target : cpw.mods.modlauncher.api.TargetType@2826f61 {Lnet/minecraft/world/entity/animal/frog/Tadpole;} {} {V}
[05May2026 18:53:34.396] [main/DEBUG] [cpw.mods.modlauncher.TransformStore/MODLAUNCHER]: Adding transformer net.neoforged.neoforge.coremods.MethodRedirector@2f5c1332 to Target : cpw.mods.modlauncher.api.TargetType@2826f61 {Lnet/minecraft/world/level/levelgen/structure/structures/SwampHutPiece;} {} {V}
[05May2026 18:53:34.396] [main/DEBUG] [cpw.mods.modlauncher.TransformStore/MODLAUNCHER]: Adding transformer net.neoforged.neoforge.coremods.MethodRedirector@2f5c1332 to Target : cpw.mods.modlauncher.api.TargetType@2826f61 {Lnet/minecraft/world/entity/npc/Villager;} {} {V}
[05May2026 18:53:34.396] [main/DEBUG] [cpw.mods.modlauncher.TransformStore/MODLAUNCHER]: Adding transformer net.neoforged.neoforge.coremods.MethodRedirector@2f5c1332 to Target : cpw.mods.modlauncher.api.TargetType@2826f61 {Lnet/minecraft/world/entity/npc/CatSpawner;} {} {V}
[05May2026 18:53:34.396] [main/DEBUG] [cpw.mods.modlauncher.TransformStore/MODLAUNCHER]: Adding transformer net.neoforged.neoforge.coremods.MethodRedirector@2f5c1332 to Target : cpw.mods.modlauncher.api.TargetType@2826f61 {Lnet/minecraft/server/commands/SummonCommand;} {} {V}
[05May2026 18:53:34.396] [main/DEBUG] [cpw.mods.modlauncher.TransformStore/MODLAUNCHER]: Adding transformer net.neoforged.neoforge.coremods.MethodRedirector@2f5c1332 to Target : cpw.mods.modlauncher.api.TargetType@2826f61 {Lnet/minecraft/server/commands/RaidCommand;} {} {V}
[05May2026 18:53:34.396] [main/DEBUG] [cpw.mods.modlauncher.TransformStore/MODLAUNCHER]: Adding transformer net.neoforged.neoforge.coremods.MethodRedirector@2f5c1332 to Target : cpw.mods.modlauncher.api.TargetType@2826f61 {Lnet/minecraft/world/entity/monster/Evoker$EvokerSummonSpellGoal;} {} {V}
[05May2026 18:53:34.396] [main/DEBUG] [cpw.mods.modlauncher.TransformStore/MODLAUNCHER]: Adding transformer net.neoforged.neoforge.coremods.MethodRedirector@2f5c1332 to Target : cpw.mods.modlauncher.api.TargetType@2826f61 {Lnet/minecraft/world/level/levelgen/PatrolSpawner;} {} {V}
[05May2026 18:53:34.396] [main/DEBUG] [cpw.mods.modlauncher.TransformStore/MODLAUNCHER]: Adding transformer net.neoforged.neoforge.coremods.MethodRedirector@2f5c1332 to Target : cpw.mods.modlauncher.api.TargetType@2826f61 {Lnet/minecraft/world/entity/ai/village/VillageSiege;} {} {V}
[05May2026 18:53:34.397] [main/DEBUG] [cpw.mods.modlauncher.TransformationServiceDecorator/MODLAUNCHER]: Initialized transformers for transformation service fml
[05May2026 18:53:34.840] [main/DEBUG] [mixin/]: Processing prepare() for PlatformAgent[MixinPlatformAgentDefault:ModLauncher Root Container(ModLauncher:4f56a0a2)]
[05May2026 18:53:34.840] [main/DEBUG] [mixin/]: Processing prepare() for PlatformAgent[MixinPlatformAgentDefault:net.neoforged.fml.loading.mixin.FMLMixinContainerHandle@4349754]
[05May2026 18:53:34.840] [main/DEBUG] [mixin/]: Processing prepare() for PlatformAgent[FMLMixinPlatformAgent:null]
[05May2026 18:53:34.858] [main/DEBUG] [mixin/]: Compatibility level JAVA_18 specified by prickle.mixins.json is higher than the maximum level supported by this version of mixin (JAVA_13).
[05May2026 18:53:34.860] [main/INFO] [mixin/]: Compatibility level set to JAVA_18
[05May2026 18:53:34.861] [main/DEBUG] [mixin/]: Compatibility level JAVA_21 specified by prickle.neoforge.mixins.json is higher than the maximum level supported by this version of mixin (JAVA_13).
[05May2026 18:53:34.861] [main/INFO] [mixin/]: Compatibility level set to JAVA_21
[05May2026 18:53:34.861] [main/DEBUG] [mixin/]: Compatibility level JAVA_18 specified by enchdesc.mixins.json is higher than the maximum level supported by this version of mixin (JAVA_13).
[05May2026 18:53:34.864] [main/DEBUG] [mixin/]: Compatibility level JAVA_18 specified by bookshelf.mixins.json is higher than the maximum level supported by this version of mixin (JAVA_13).
[05May2026 18:53:34.866] [main/DEBUG] [mixin/]: Compatibility level JAVA_17 specified by durabilitytooltip.mixins.json is higher than the maximum level supported by this version of mixin (JAVA_13).
[05May2026 18:53:34.871] [main/DEBUG] [mixin/]: Processing launch tasks for PlatformAgent[MixinPlatformAgentDefault:ModLauncher Root Container(ModLauncher:4f56a0a2)]
[05May2026 18:53:34.871] [main/DEBUG] [mixin/]: Adding mixin platform agents for container SecureJarResource(mixin_synthetic)
[05May2026 18:53:34.871] [main/DEBUG] [mixin/]: Instancing new MixinPlatformAgentMinecraftForge for SecureJarResource(mixin_synthetic)
[05May2026 18:53:34.871] [main/DEBUG] [mixin/]: MixinPlatformAgentMinecraftForge rejected container SecureJarResource(mixin_synthetic)
[05May2026 18:53:34.871] [main/DEBUG] [mixin/]: Instancing new MixinPlatformAgentDefault for SecureJarResource(mixin_synthetic)
[05May2026 18:53:34.871] [main/DEBUG] [mixin/]: MixinPlatformAgentDefault accepted container SecureJarResource(mixin_synthetic)
[05May2026 18:53:34.871] [main/DEBUG] [mixin/]: Instancing new FMLMixinPlatformAgent for SecureJarResource(mixin_synthetic)
[05May2026 18:53:34.871] [main/DEBUG] [mixin/]: FMLMixinPlatformAgent rejected container SecureJarResource(mixin_synthetic)
[05May2026 18:53:34.871] [main/DEBUG] [mixin/]: Processing prepare() for PlatformAgent[MixinPlatformAgentDefault:SecureJarResource(mixin_synthetic)]
[05May2026 18:53:34.871] [main/DEBUG] [mixin/]: Adding mixin platform agents for container SecureJarResource(prickle)
[05May2026 18:53:34.871] [main/DEBUG] [mixin/]: Instancing new MixinPlatformAgentMinecraftForge for SecureJarResource(prickle)
[05May2026 18:53:34.871] [main/DEBUG] [mixin/]: MixinPlatformAgentMinecraftForge rejected container SecureJarResource(prickle)
[05May2026 18:53:34.871] [main/DEBUG] [mixin/]: Instancing new MixinPlatformAgentDefault for SecureJarResource(prickle)
[05May2026 18:53:34.871] [main/DEBUG] [mixin/]: MixinPlatformAgentDefault accepted container SecureJarResource(prickle)
[05May2026 18:53:34.871] [main/DEBUG] [mixin/]: Instancing new FMLMixinPlatformAgent for SecureJarResource(prickle)
[05May2026 18:53:34.871] [main/DEBUG] [mixin/]: FMLMixinPlatformAgent rejected container SecureJarResource(prickle)
[05May2026 18:53:34.871] [main/DEBUG] [mixin/]: Processing prepare() for PlatformAgent[MixinPlatformAgentDefault:SecureJarResource(prickle)]
[05May2026 18:53:34.871] [main/DEBUG] [mixin/]: Adding mixin platform agents for container SecureJarResource(minecraft)
[05May2026 18:53:34.871] [main/DEBUG] [mixin/]: Instancing new MixinPlatformAgentMinecraftForge for SecureJarResource(minecraft)
[05May2026 18:53:34.871] [main/DEBUG] [mixin/]: MixinPlatformAgentMinecraftForge rejected container SecureJarResource(minecraft)
[05May2026 18:53:34.871] [main/DEBUG] [mixin/]: Instancing new MixinPlatformAgentDefault for SecureJarResource(minecraft)
[05May2026 18:53:34.872] [main/DEBUG] [mixin/]: MixinPlatformAgentDefault accepted container SecureJarResource(minecraft)
[05May2026 18:53:34.872] [main/DEBUG] [mixin/]: Instancing new FMLMixinPlatformAgent for SecureJarResource(minecraft)
[05May2026 18:53:34.872] [main/DEBUG] [mixin/]: FMLMixinPlatformAgent rejected container SecureJarResource(minecraft)
[05May2026 18:53:34.872] [main/DEBUG] [mixin/]: Processing prepare() for PlatformAgent[MixinPlatformAgentDefault:SecureJarResource(minecraft)]
[05May2026 18:53:34.872] [main/DEBUG] [mixin/]: Adding mixin platform agents for container SecureJarResource(enchdesc)
[05May2026 18:53:34.872] [main/DEBUG] [mixin/]: Instancing new MixinPlatformAgentMinecraftForge for SecureJarResource(enchdesc)
[05May2026 18:53:34.872] [main/DEBUG] [mixin/]: MixinPlatformAgentMinecraftForge rejected container SecureJarResource(enchdesc)
[05May2026 18:53:34.872] [main/DEBUG] [mixin/]: Instancing new MixinPlatformAgentDefault for SecureJarResource(enchdesc)
[05May2026 18:53:34.872] [main/DEBUG] [mixin/]: MixinPlatformAgentDefault accepted container SecureJarResource(enchdesc)
[05May2026 18:53:34.872] [main/DEBUG] [mixin/]: Instancing new FMLMixinPlatformAgent for SecureJarResource(enchdesc)
[05May2026 18:53:34.872] [main/DEBUG] [mixin/]: FMLMixinPlatformAgent rejected container SecureJarResource(enchdesc)
[05May2026 18:53:34.872] [main/DEBUG] [mixin/]: Processing prepare() for PlatformAgent[MixinPlatformAgentDefault:SecureJarResource(enchdesc)]
[05May2026 18:53:34.872] [main/DEBUG] [mixin/]: Adding mixin platform agents for container SecureJarResource(bookshelf)
[05May2026 18:53:34.872] [main/DEBUG] [mixin/]: Instancing new MixinPlatformAgentMinecraftForge for SecureJarResource(bookshelf)
[05May2026 18:53:34.872] [main/DEBUG] [mixin/]: MixinPlatformAgentMinecraftForge rejected container SecureJarResource(bookshelf)
[05May2026 18:53:34.872] [main/DEBUG] [mixin/]: Instancing new MixinPlatformAgentDefault for SecureJarResource(bookshelf)
[05May2026 18:53:34.872] [main/DEBUG] [mixin/]: MixinPlatformAgentDefault accepted container SecureJarResource(bookshelf)
[05May2026 18:53:34.872] [main/DEBUG] [mixin/]: Instancing new FMLMixinPlatformAgent for SecureJarResource(bookshelf)
[05May2026 18:53:34.872] [main/DEBUG] [mixin/]: FMLMixinPlatformAgent rejected container SecureJarResource(bookshelf)
[05May2026 18:53:34.872] [main/DEBUG] [mixin/]: Processing prepare() for PlatformAgent[MixinPlatformAgentDefault:SecureJarResource(bookshelf)]
[05May2026 18:53:34.872] [main/DEBUG] [mixin/]: Adding mixin platform agents for container SecureJarResource(supermartijn642configlib)
[05May2026 18:53:34.872] [main/DEBUG] [mixin/]: Instancing new MixinPlatformAgentMinecraftForge for SecureJarResource(supermartijn642configlib)
[05May2026 18:53:34.872] [main/DEBUG] [mixin/]: MixinPlatformAgentMinecraftForge rejected container SecureJarResource(supermartijn642configlib)
[05May2026 18:53:34.872] [main/DEBUG] [mixin/]: Instancing new MixinPlatformAgentDefault for SecureJarResource(supermartijn642configlib)
[05May2026 18:53:34.872] [main/DEBUG] [mixin/]: MixinPlatformAgentDefault accepted container SecureJarResource(supermartijn642configlib)
[05May2026 18:53:34.872] [main/DEBUG] [mixin/]: Instancing new FMLMixinPlatformAgent for SecureJarResource(supermartijn642configlib)
[05May2026 18:53:34.872] [main/DEBUG] [mixin/]: FMLMixinPlatformAgent rejected container SecureJarResource(supermartijn642configlib)
[05May2026 18:53:34.872] [main/DEBUG] [mixin/]: Processing prepare() for PlatformAgent[MixinPlatformAgentDefault:SecureJarResource(supermartijn642configlib)]
[05May2026 18:53:34.872] [main/DEBUG] [mixin/]: Adding mixin platform agents for container SecureJarResource(durabilitytooltip)
[05May2026 18:53:34.872] [main/DEBUG] [mixin/]: Instancing new MixinPlatformAgentMinecraftForge for SecureJarResource(durabilitytooltip)
[05May2026 18:53:34.872] [main/DEBUG] [mixin/]: MixinPlatformAgentMinecraftForge rejected container SecureJarResource(durabilitytooltip)
[05May2026 18:53:34.872] [main/DEBUG] [mixin/]: Instancing new MixinPlatformAgentDefault for SecureJarResource(durabilitytooltip)
[05May2026 18:53:34.873] [main/DEBUG] [mixin/]: MixinPlatformAgentDefault accepted container SecureJarResource(durabilitytooltip)
[05May2026 18:53:34.873] [main/DEBUG] [mixin/]: Instancing new FMLMixinPlatformAgent for SecureJarResource(durabilitytooltip)
[05May2026 18:53:34.873] [main/DEBUG] [mixin/]: FMLMixinPlatformAgent rejected container SecureJarResource(durabilitytooltip)
[05May2026 18:53:34.873] [main/DEBUG] [mixin/]: Processing prepare() for PlatformAgent[MixinPlatformAgentDefault:SecureJarResource(durabilitytooltip)]
[05May2026 18:53:34.873] [main/DEBUG] [mixin/]: Adding mixin platform agents for container SecureJarResource(appleskin)
[05May2026 18:53:34.873] [main/DEBUG] [mixin/]: Instancing new MixinPlatformAgentMinecraftForge for SecureJarResource(appleskin)
[05May2026 18:53:34.873] [main/DEBUG] [mixin/]: MixinPlatformAgentMinecraftForge rejected container SecureJarResource(appleskin)
[05May2026 18:53:34.873] [main/DEBUG] [mixin/]: Instancing new MixinPlatformAgentDefault for SecureJarResource(appleskin)
[05May2026 18:53:34.873] [main/DEBUG] [mixin/]: MixinPlatformAgentDefault accepted container SecureJarResource(appleskin)
[05May2026 18:53:34.873] [main/DEBUG] [mixin/]: Instancing new FMLMixinPlatformAgent for SecureJarResource(appleskin)
[05May2026 18:53:34.873] [main/DEBUG] [mixin/]: FMLMixinPlatformAgent rejected container SecureJarResource(appleskin)
[05May2026 18:53:34.873] [main/DEBUG] [mixin/]: Processing prepare() for PlatformAgent[MixinPlatformAgentDefault:SecureJarResource(appleskin)]
[05May2026 18:53:34.873] [main/DEBUG] [mixin/]: Adding mixin platform agents for container SecureJarResource(imblocker)
[05May2026 18:53:34.873] [main/DEBUG] [mixin/]: Instancing new MixinPlatformAgentMinecraftForge for SecureJarResource(imblocker)
[05May2026 18:53:34.876] [main/DEBUG] [mixin/]: MixinPlatformAgentMinecraftForge rejected container SecureJarResource(imblocker)
[05May2026 18:53:34.876] [main/DEBUG] [mixin/]: Instancing new MixinPlatformAgentDefault for SecureJarResource(imblocker)
[05May2026 18:53:34.876] [main/DEBUG] [mixin/]: MixinPlatformAgentDefault accepted container SecureJarResource(imblocker)
[05May2026 18:53:34.876] [main/DEBUG] [mixin/]: Instancing new FMLMixinPlatformAgent for SecureJarResource(imblocker)
[05May2026 18:53:34.876] [main/DEBUG] [mixin/]: FMLMixinPlatformAgent rejected container SecureJarResource(imblocker)
[05May2026 18:53:34.876] [main/DEBUG] [mixin/]: Processing prepare() for PlatformAgent[MixinPlatformAgentDefault:SecureJarResource(imblocker)]
[05May2026 18:53:34.876] [main/DEBUG] [mixin/]: Adding mixin platform agents for container SecureJarResource(mut)
[05May2026 18:53:34.876] [main/DEBUG] [mixin/]: Instancing new MixinPlatformAgentMinecraftForge for SecureJarResource(mut)
[05May2026 18:53:34.876] [main/DEBUG] [mixin/]: MixinPlatformAgentMinecraftForge rejected container SecureJarResource(mut)
[05May2026 18:53:34.876] [main/DEBUG] [mixin/]: Instancing new MixinPlatformAgentDefault for SecureJarResource(mut)
[05May2026 18:53:34.876] [main/DEBUG] [mixin/]: MixinPlatformAgentDefault accepted container SecureJarResource(mut)
[05May2026 18:53:34.876] [main/DEBUG] [mixin/]: Instancing new FMLMixinPlatformAgent for SecureJarResource(mut)
[05May2026 18:53:34.876] [main/DEBUG] [mixin/]: FMLMixinPlatformAgent rejected container SecureJarResource(mut)
[05May2026 18:53:34.876] [main/DEBUG] [mixin/]: Processing prepare() for PlatformAgent[MixinPlatformAgentDefault:SecureJarResource(mut)]
[05May2026 18:53:34.876] [main/DEBUG] [mixin/]: Adding mixin platform agents for container SecureJarResource(jei)
[05May2026 18:53:34.877] [main/DEBUG] [mixin/]: Instancing new MixinPlatformAgentMinecraftForge for SecureJarResource(jei)
[05May2026 18:53:34.877] [main/DEBUG] [mixin/]: MixinPlatformAgentMinecraftForge rejected container SecureJarResource(jei)
[05May2026 18:53:34.877] [main/DEBUG] [mixin/]: Instancing new MixinPlatformAgentDefault for SecureJarResource(jei)
[05May2026 18:53:34.877] [main/DEBUG] [mixin/]: MixinPlatformAgentDefault accepted container SecureJarResource(jei)
[05May2026 18:53:34.877] [main/DEBUG] [mixin/]: Instancing new FMLMixinPlatformAgent for SecureJarResource(jei)
[05May2026 18:53:34.877] [main/DEBUG] [mixin/]: FMLMixinPlatformAgent rejected container SecureJarResource(jei)
[05May2026 18:53:34.877] [main/DEBUG] [mixin/]: Processing prepare() for PlatformAgent[MixinPlatformAgentDefault:SecureJarResource(jei)]
[05May2026 18:53:34.877] [main/DEBUG] [mixin/]: Adding mixin platform agents for container SecureJarResource(mixinextras.neoforge)
[05May2026 18:53:34.877] [main/DEBUG] [mixin/]: Instancing new MixinPlatformAgentMinecraftForge for SecureJarResource(mixinextras.neoforge)
[05May2026 18:53:34.877] [main/DEBUG] [mixin/]: MixinPlatformAgentMinecraftForge rejected container SecureJarResource(mixinextras.neoforge)
[05May2026 18:53:34.877] [main/DEBUG] [mixin/]: Instancing new MixinPlatformAgentDefault for SecureJarResource(mixinextras.neoforge)
[05May2026 18:53:34.877] [main/DEBUG] [mixin/]: MixinPlatformAgentDefault accepted container SecureJarResource(mixinextras.neoforge)
[05May2026 18:53:34.878] [main/DEBUG] [mixin/]: Instancing new FMLMixinPlatformAgent for SecureJarResource(mixinextras.neoforge)
[05May2026 18:53:34.878] [main/DEBUG] [mixin/]: FMLMixinPlatformAgent rejected container SecureJarResource(mixinextras.neoforge)
[05May2026 18:53:34.878] [main/DEBUG] [mixin/]: Processing prepare() for PlatformAgent[MixinPlatformAgentDefault:SecureJarResource(mixinextras.neoforge)]
[05May2026 18:53:34.878] [main/DEBUG] [mixin/]: Registering mixin config: mixinextras.init.mixins.json source=SecureJarResource(mixinextras.neoforge)
[05May2026 18:53:34.879] [main/DEBUG] [mixin/]: inject() running with 14 agents
[05May2026 18:53:34.879] [main/DEBUG] [mixin/]: Processing inject() for PlatformAgent[MixinPlatformAgentDefault:ModLauncher Root Container(ModLauncher:4f56a0a2)]
[05May2026 18:53:34.879] [main/DEBUG] [mixin/]: Processing inject() for PlatformAgent[MixinPlatformAgentDefault:net.neoforged.fml.loading.mixin.FMLMixinContainerHandle@4349754]
[05May2026 18:53:34.879] [main/DEBUG] [mixin/]: Processing inject() for PlatformAgent[FMLMixinPlatformAgent:null]
[05May2026 18:53:34.879] [main/DEBUG] [mixin/]: Processing inject() for PlatformAgent[MixinPlatformAgentDefault:SecureJarResource(mixin_synthetic)]
[05May2026 18:53:34.880] [main/DEBUG] [mixin/]: Processing inject() for PlatformAgent[MixinPlatformAgentDefault:SecureJarResource(prickle)]
[05May2026 18:53:34.880] [main/DEBUG] [mixin/]: Processing inject() for PlatformAgent[MixinPlatformAgentDefault:SecureJarResource(minecraft)]
[05May2026 18:53:34.880] [main/DEBUG] [mixin/]: Processing inject() for PlatformAgent[MixinPlatformAgentDefault:SecureJarResource(enchdesc)]
[05May2026 18:53:34.880] [main/DEBUG] [mixin/]: Processing inject() for PlatformAgent[MixinPlatformAgentDefault:SecureJarResource(bookshelf)]
[05May2026 18:53:34.880] [main/DEBUG] [mixin/]: Processing inject() for PlatformAgent[MixinPlatformAgentDefault:SecureJarResource(supermartijn642configlib)]
[05May2026 18:53:34.880] [main/DEBUG] [mixin/]: Processing inject() for PlatformAgent[MixinPlatformAgentDefault:SecureJarResource(durabilitytooltip)]
[05May2026 18:53:34.880] [main/DEBUG] [mixin/]: Processing inject() for PlatformAgent[MixinPlatformAgentDefault:SecureJarResource(appleskin)]
[05May2026 18:53:34.880] [main/DEBUG] [mixin/]: Processing inject() for PlatformAgent[MixinPlatformAgentDefault:SecureJarResource(imblocker)]
[05May2026 18:53:34.880] [main/DEBUG] [mixin/]: Processing inject() for PlatformAgent[MixinPlatformAgentDefault:SecureJarResource(mut)]
[05May2026 18:53:34.880] [main/DEBUG] [mixin/]: Processing inject() for PlatformAgent[MixinPlatformAgentDefault:SecureJarResource(jei)]
[05May2026 18:53:34.880] [main/DEBUG] [mixin/]: Processing inject() for PlatformAgent[MixinPlatformAgentDefault:SecureJarResource(mixinextras.neoforge)]
[05May2026 18:53:34.881] [main/INFO] [cpw.mods.modlauncher.LaunchServiceHandler/MODLAUNCHER]: Launching target 'forgeclientdev' with arguments [--version, 21.1.190, --gameDir, ., --assetsDir, C:\Users\12501\.mcreator\gradle\caches\neoformruntime\assets, --assetIndex, 17]
[05May2026 18:53:34.911] [main/DEBUG] [mixin/]: Preparing mixins for MixinEnvironment[DEFAULT]
[05May2026 18:53:34.911] [main/DEBUG] [mixin/]: Selecting config prickle.mixins.json
[05May2026 18:53:34.914] [main/WARN] [mixin/]: Reference map 'prickle.refmap.json' for prickle.mixins.json could not be read. If this is a development environment you can ignore this message
[05May2026 18:53:34.914] [main/DEBUG] [mixin/]: Selecting config prickle.neoforge.mixins.json
[05May2026 18:53:34.914] [main/DEBUG] [mixin/]: Selecting config enchdesc.mixins.json
[05May2026 18:53:34.915] [main/WARN] [mixin/]: Reference map 'enchdesc.refmap.json' for enchdesc.mixins.json could not be read. If this is a development environment you can ignore this message
[05May2026 18:53:34.915] [main/DEBUG] [mixin/]: Selecting config enchdesc.neoforge.mixins.json
[05May2026 18:53:34.915] [main/DEBUG] [mixin/]: Selecting config bookshelf.mixins.json
[05May2026 18:53:34.915] [main/WARN] [mixin/]: Reference map 'bookshelf.refmap.json' for bookshelf.mixins.json could not be read. If this is a development environment you can ignore this message
[05May2026 18:53:34.915] [main/DEBUG] [mixin/]: Selecting config bookshelf.neoforge.mixins.json
[05May2026 18:53:34.916] [main/DEBUG] [mixin/]: Selecting config durabilitytooltip.mixins.json
[05May2026 18:53:34.916] [main/DEBUG] [mixin/]: Selecting config imblocker-neoforge.mixins.json
[05May2026 18:53:34.927] [main/DEBUG] [mixin/]: Selecting config neoforge.mixins.json
[05May2026 18:53:34.927] [main/DEBUG] [mixin/]: Selecting config mut.mixins.json
[05May2026 18:53:34.928] [main/DEBUG] [mixin/]: Selecting config mixinextras.init.mixins.json
[05May2026 18:53:34.943] [main/DEBUG] [MixinExtras|Service/]: com.llamalad7.mixinextras.service.MixinExtrasServiceImpl(version=0.4.1) is taking over from null
[05May2026 18:53:34.962] [main/DEBUG] [mixin/]: Registering new injector for @Inject with org.spongepowered.asm.mixin.injection.struct.CallbackInjectionInfo
[05May2026 18:53:34.963] [main/DEBUG] [mixin/]: Registering new injector for @ModifyArg with org.spongepowered.asm.mixin.injection.struct.ModifyArgInjectionInfo
[05May2026 18:53:34.964] [main/DEBUG] [mixin/]: Registering new injector for @ModifyArgs with org.spongepowered.asm.mixin.injection.struct.ModifyArgsInjectionInfo
[05May2026 18:53:34.965] [main/DEBUG] [mixin/]: Registering new injector for @Redirect with org.spongepowered.asm.mixin.injection.struct.RedirectInjectionInfo
[05May2026 18:53:34.966] [main/DEBUG] [mixin/]: Registering new injector for @ModifyVariable with org.spongepowered.asm.mixin.injection.struct.ModifyVariableInjectionInfo
[05May2026 18:53:34.966] [main/DEBUG] [mixin/]: Registering new injector for @ModifyConstant with org.spongepowered.asm.mixin.injection.struct.ModifyConstantInjectionInfo
[05May2026 18:53:34.974] [main/DEBUG] [mixin/]: Preparing prickle.mixins.json (0)
[05May2026 18:53:34.974] [main/DEBUG] [mixin/]: Preparing prickle.neoforge.mixins.json (0)
[05May2026 18:53:34.974] [main/DEBUG] [mixin/]: Preparing enchdesc.mixins.json (2)
[05May2026 18:53:35.003] [main/DEBUG] [mixin/]: Preparing enchdesc.neoforge.mixins.json (0)
[05May2026 18:53:35.003] [main/DEBUG] [mixin/]: Preparing bookshelf.mixins.json (52)
[05May2026 18:53:35.102] [main/DEBUG] [mixin/]: Preparing bookshelf.neoforge.mixins.json (1)
[05May2026 18:53:35.102] [main/DEBUG] [mixin/]: Preparing durabilitytooltip.mixins.json (0)
[05May2026 18:53:35.102] [main/DEBUG] [mixin/]: Preparing imblocker-neoforge.mixins.json (0)
[05May2026 18:53:35.102] [main/DEBUG] [mixin/]: Preparing neoforge.mixins.json (2)
[05May2026 18:53:35.103] [main/DEBUG] [mixin/]: Preparing mut.mixins.json (2)
[05May2026 18:53:35.108] [main/DEBUG] [mixin/]: Preparing mixinextras.init.mixins.json (0)
[05May2026 18:53:35.121] [main/DEBUG] [mixin/]: Inner class net/darkhax/bookshelf/common/mixin/patch/commands/MixinArgumentTypeInfos$1 in net/darkhax/bookshelf/common/mixin/patch/commands/MixinArgumentTypeInfos on net/minecraft/commands/synchronization/ArgumentTypeInfos gets unique name net/minecraft/commands/synchronization/ArgumentTypeInfos$Anonymous$3e95a62857cc49e89abba08733ea74a3
[05May2026 18:53:35.122] [main/DEBUG] [mixin/]: Inner class net/darkhax/bookshelf/common/mixin/patch/component/MixinDataComponents$1 in net/darkhax/bookshelf/common/mixin/patch/component/MixinDataComponents on net/minecraft/core/component/DataComponents gets unique name net/minecraft/core/component/DataComponents$Anonymous$e9af02a34eee4f97ba95e1abadc7944a
[05May2026 18:53:35.141] [main/DEBUG] [mixin/]: @Mixin target net.minecraft.client.gui.components.AbstractScrollWidget is public in imblocker-neoforge.mixins.json:AbstractScrollWidgetMixin from mod imblocker and should be specified in value
[05May2026 18:53:35.142] [main/WARN] [mixin/]: Error loading class: net/minecraft/client/gui/components/AbstractScrollArea (java.lang.ClassNotFoundException: net.minecraft.client.gui.components.AbstractScrollArea)
[05May2026 18:53:35.142] [main/WARN] [mixin/]: @Mixin target net.minecraft.client.gui.components.AbstractScrollArea was not found imblocker-neoforge.mixins.json:AbstractScrollWidgetMixin from mod imblocker
[05May2026 18:53:35.145] [main/WARN] [mixin/]: Error loading class: net/minecraft/client/gui/components/AbstractScrollArea (java.lang.ClassNotFoundException: net.minecraft.client.gui.components.AbstractScrollArea)
[05May2026 18:53:35.146] [main/WARN] [mixin/]: Error loading class: net/minecraft/client/gui/components/AbstractScrollArea (java.lang.ClassNotFoundException: net.minecraft.client.gui.components.AbstractScrollArea)
[05May2026 18:53:35.160] [main/INFO] [MixinExtras|Service/]: Initializing MixinExtras via com.llamalad7.mixinextras.service.MixinExtrasServiceImpl(version=0.4.1).
[05May2026 18:53:35.161] [main/DEBUG] [mixin/]: Registering new injector for @SugarWrapper with com.llamalad7.mixinextras.sugar.impl.SugarWrapperInjectionInfo
[05May2026 18:53:35.161] [main/DEBUG] [mixin/]: Registering new injector for @FactoryRedirectWrapper with com.llamalad7.mixinextras.wrapper.factory.FactoryRedirectWrapperInjectionInfo
[05May2026 18:53:35.164] [main/DEBUG] [mixin/]: Mixing access.client.AccessorMinecraft from bookshelf.mixins.json into net.minecraft.client.Minecraft
[05May2026 18:53:35.168] [main/DEBUG] [mixin/]: bookshelf.mixins.json:access.client.AccessorMinecraft from mod bookshelf: Class version 65 required is higher than the class version supported by the current version of Mixin (JAVA_18 supports class version 62)
[05May2026 18:53:35.178] [main/DEBUG] [mixin/]: Mixing MinecraftClientMixin from imblocker-neoforge.mixins.json into net.minecraft.client.Minecraft
[05May2026 18:53:35.226] [main/DEBUG] [mixin/]: imblocker-neoforge.mixins.json:MinecraftClientMixin from mod imblocker->@Inject::onWindowFocusChanged(ZLorg/spongepowered/asm/mixin/injection/callback/CallbackInfo;)V doesn't use it's CallbackInfo
[05May2026 18:53:35.227] [main/DEBUG] [mixin/]: imblocker-neoforge.mixins.json:MinecraftClientMixin from mod imblocker->@Inject::onWindowFocusChanged(ZLorg/spongepowered/asm/mixin/injection/callback/CallbackInfo;)V has 0 override(s) in child classes
[05May2026 18:53:35.227] [main/DEBUG] [mixin/]: imblocker-neoforge.mixins.json:MinecraftClientMixin from mod imblocker->@Inject::onWindowFocusChanged(ZLorg/spongepowered/asm/mixin/injection/callback/CallbackInfo;)V won't be passed a CallbackInfo as a result
[05May2026 18:53:35.227] [main/DEBUG] [mixin/]: imblocker-neoforge.mixins.json:MinecraftClientMixin from mod imblocker->@Inject::onScreenChanged(Lnet/minecraft/client/gui/screens/Screen;Lorg/spongepowered/asm/mixin/injection/callback/CallbackInfo;)V doesn't use it's CallbackInfo
[05May2026 18:53:35.227] [main/DEBUG] [mixin/]: imblocker-neoforge.mixins.json:MinecraftClientMixin from mod imblocker->@Inject::onScreenChanged(Lnet/minecraft/client/gui/screens/Screen;Lorg/spongepowered/asm/mixin/injection/callback/CallbackInfo;)V has 0 override(s) in child classes
[05May2026 18:53:35.227] [main/DEBUG] [mixin/]: imblocker-neoforge.mixins.json:MinecraftClientMixin from mod imblocker->@Inject::onScreenChanged(Lnet/minecraft/client/gui/screens/Screen;Lorg/spongepowered/asm/mixin/injection/callback/CallbackInfo;)V won't be passed a CallbackInfo as a result
[05May2026 18:53:35.227] [main/DEBUG] [mixin/]: imblocker-neoforge.mixins.json:MinecraftClientMixin from mod imblocker->@Inject::runPreRenderTasks(ZLorg/spongepowered/asm/mixin/injection/callback/CallbackInfo;)V doesn't use it's CallbackInfo
[05May2026 18:53:35.227] [main/DEBUG] [mixin/]: imblocker-neoforge.mixins.json:MinecraftClientMixin from mod imblocker->@Inject::runPreRenderTasks(ZLorg/spongepowered/asm/mixin/injection/callback/CallbackInfo;)V has 0 override(s) in child classes
[05May2026 18:53:35.227] [main/DEBUG] [mixin/]: imblocker-neoforge.mixins.json:MinecraftClientMixin from mod imblocker->@Inject::runPreRenderTasks(ZLorg/spongepowered/asm/mixin/injection/callback/CallbackInfo;)V won't be passed a CallbackInfo as a result
[05May2026 18:53:35.227] [main/DEBUG] [mixin/]: imblocker-neoforge.mixins.json:MinecraftClientMixin from mod imblocker->@Inject::recordGameRenderStartTime(ZLorg/spongepowered/asm/mixin/injection/callback/CallbackInfo;)V doesn't use it's CallbackInfo
[05May2026 18:53:35.227] [main/DEBUG] [mixin/]: imblocker-neoforge.mixins.json:MinecraftClientMixin from mod imblocker->@Inject::recordGameRenderStartTime(ZLorg/spongepowered/asm/mixin/injection/callback/CallbackInfo;)V has 0 override(s) in child classes
[05May2026 18:53:35.227] [main/DEBUG] [mixin/]: imblocker-neoforge.mixins.json:MinecraftClientMixin from mod imblocker->@Inject::recordGameRenderStartTime(ZLorg/spongepowered/asm/mixin/injection/callback/CallbackInfo;)V won't be passed a CallbackInfo as a result
[05May2026 18:53:35.227] [main/DEBUG] [mixin/]: imblocker-neoforge.mixins.json:MinecraftClientMixin from mod imblocker->@Inject::captureGameRenderEnd(ZLorg/spongepowered/asm/mixin/injection/callback/CallbackInfo;)V doesn't use it's CallbackInfo
[05May2026 18:53:35.227] [main/DEBUG] [mixin/]: imblocker-neoforge.mixins.json:MinecraftClientMixin from mod imblocker->@Inject::captureGameRenderEnd(ZLorg/spongepowered/asm/mixin/injection/callback/CallbackInfo;)V has 0 override(s) in child classes
[05May2026 18:53:35.227] [main/DEBUG] [mixin/]: imblocker-neoforge.mixins.json:MinecraftClientMixin from mod imblocker->@Inject::captureGameRenderEnd(ZLorg/spongepowered/asm/mixin/injection/callback/CallbackInfo;)V won't be passed a CallbackInfo as a result
[05May2026 18:53:35.227] [main/DEBUG] [mixin/]: imblocker-neoforge.mixins.json:MinecraftClientMixin from mod imblocker->@Inject::captureGameRenderEnd(ZLorg/spongepowered/asm/mixin/injection/callback/CallbackInfo;)V doesn't use it's CallbackInfo
[05May2026 18:53:35.227] [main/DEBUG] [mixin/]: imblocker-neoforge.mixins.json:MinecraftClientMixin from mod imblocker->@Inject::captureGameRenderEnd(ZLorg/spongepowered/asm/mixin/injection/callback/CallbackInfo;)V has 0 override(s) in child classes
[05May2026 18:53:35.227] [main/DEBUG] [mixin/]: imblocker-neoforge.mixins.json:MinecraftClientMixin from mod imblocker->@Inject::captureGameRenderEnd(ZLorg/spongepowered/asm/mixin/injection/callback/CallbackInfo;)V won't be passed a CallbackInfo as a result
[05May2026 18:53:35.227] [main/DEBUG] [mixin/]: imblocker-neoforge.mixins.json:MinecraftClientMixin from mod imblocker->@Inject::captureGameRenderEnd(ZLorg/spongepowered/asm/mixin/injection/callback/CallbackInfo;)V doesn't use it's CallbackInfo
[05May2026 18:53:35.227] [main/DEBUG] [mixin/]: imblocker-neoforge.mixins.json:MinecraftClientMixin from mod imblocker->@Inject::captureGameRenderEnd(ZLorg/spongepowered/asm/mixin/injection/callback/CallbackInfo;)V has 0 override(s) in child classes
[05May2026 18:53:35.227] [main/DEBUG] [mixin/]: imblocker-neoforge.mixins.json:MinecraftClientMixin from mod imblocker->@Inject::captureGameRenderEnd(ZLorg/spongepowered/asm/mixin/injection/callback/CallbackInfo;)V won't be passed a CallbackInfo as a result
[05May2026 18:53:35.227] [main/DEBUG] [mixin/]: imblocker-neoforge.mixins.json:MinecraftClientMixin from mod imblocker->@Inject::captureGameRenderEnd(ZLorg/spongepowered/asm/mixin/injection/callback/CallbackInfo;)V doesn't use it's CallbackInfo
[05May2026 18:53:35.227] [main/DEBUG] [mixin/]: imblocker-neoforge.mixins.json:MinecraftClientMixin from mod imblocker->@Inject::captureGameRenderEnd(ZLorg/spongepowered/asm/mixin/injection/callback/CallbackInfo;)V has 0 override(s) in child classes
[05May2026 18:53:35.227] [main/DEBUG] [mixin/]: imblocker-neoforge.mixins.json:MinecraftClientMixin from mod imblocker->@Inject::captureGameRenderEnd(ZLorg/spongepowered/asm/mixin/injection/callback/CallbackInfo;)V won't be passed a CallbackInfo as a result
[05May2026 18:53:35.227] [main/DEBUG] [mixin/]: imblocker-neoforge.mixins.json:MinecraftClientMixin from mod imblocker->@Inject::captureGameRenderEnd(ZLorg/spongepowered/asm/mixin/injection/callback/CallbackInfo;)V doesn't use it's CallbackInfo
[05May2026 18:53:35.227] [main/DEBUG] [mixin/]: imblocker-neoforge.mixins.json:MinecraftClientMixin from mod imblocker->@Inject::captureGameRenderEnd(ZLorg/spongepowered/asm/mixin/injection/callback/CallbackInfo;)V has 0 override(s) in child classes
[05May2026 18:53:35.227] [main/DEBUG] [mixin/]: imblocker-neoforge.mixins.json:MinecraftClientMixin from mod imblocker->@Inject::captureGameRenderEnd(ZLorg/spongepowered/asm/mixin/injection/callback/CallbackInfo;)V won't be passed a CallbackInfo as a result
[05May2026 18:53:35.227] [main/DEBUG] [mixin/]: imblocker-neoforge.mixins.json:MinecraftClientMixin from mod imblocker->@Inject::captureGameRenderEnd(ZLorg/spongepowered/asm/mixin/injection/callback/CallbackInfo;)V doesn't use it's CallbackInfo
[05May2026 18:53:35.227] [main/DEBUG] [mixin/]: imblocker-neoforge.mixins.json:MinecraftClientMixin from mod imblocker->@Inject::captureGameRenderEnd(ZLorg/spongepowered/asm/mixin/injection/callback/CallbackInfo;)V has 0 override(s) in child classes
[05May2026 18:53:35.227] [main/DEBUG] [mixin/]: imblocker-neoforge.mixins.json:MinecraftClientMixin from mod imblocker->@Inject::captureGameRenderEnd(ZLorg/spongepowered/asm/mixin/injection/callback/CallbackInfo;)V won't be passed a CallbackInfo as a result
[05May2026 18:53:35.227] [main/DEBUG] [mixin/]: imblocker-neoforge.mixins.json:MinecraftClientMixin from mod imblocker->@Inject::captureGameRenderEnd(ZLorg/spongepowered/asm/mixin/injection/callback/CallbackInfo;)V doesn't use it's CallbackInfo
[05May2026 18:53:35.227] [main/DEBUG] [mixin/]: imblocker-neoforge.mixins.json:MinecraftClientMixin from mod imblocker->@Inject::captureGameRenderEnd(ZLorg/spongepowered/asm/mixin/injection/callback/CallbackInfo;)V has 0 override(s) in child classes
[05May2026 18:53:35.227] [main/DEBUG] [mixin/]: imblocker-neoforge.mixins.json:MinecraftClientMixin from mod imblocker->@Inject::captureGameRenderEnd(ZLorg/spongepowered/asm/mixin/injection/callback/CallbackInfo;)V won't be passed a CallbackInfo as a result
[05May2026 18:53:35.227] [main/DEBUG] [mixin/]: imblocker-neoforge.mixins.json:MinecraftClientMixin from mod imblocker->@Inject::captureGameRenderEnd(ZLorg/spongepowered/asm/mixin/injection/callback/CallbackInfo;)V doesn't use it's CallbackInfo
[05May2026 18:53:35.227] [main/DEBUG] [mixin/]: imblocker-neoforge.mixins.json:MinecraftClientMixin from mod imblocker->@Inject::captureGameRenderEnd(ZLorg/spongepowered/asm/mixin/injection/callback/CallbackInfo;)V has 0 override(s) in child classes
[05May2026 18:53:35.227] [main/DEBUG] [mixin/]: imblocker-neoforge.mixins.json:MinecraftClientMixin from mod imblocker->@Inject::captureGameRenderEnd(ZLorg/spongepowered/asm/mixin/injection/callback/CallbackInfo;)V won't be passed a CallbackInfo as a result
[05May2026 18:53:35.342] [main/DEBUG] [io.netty.util.internal.logging.InternalLoggerFactory/]: Using SLF4J as the default logging framework
[05May2026 18:53:35.343] [main/DEBUG] [io.netty.util.ResourceLeakDetector/]: -Dio.netty.leakDetection.level: simple
[05May2026 18:53:35.343] [main/DEBUG] [io.netty.util.ResourceLeakDetector/]: -Dio.netty.leakDetection.targetRecords: 4
[05May2026 18:53:35.777] [main/DEBUG] [oshi.util.FileUtil/]: No oshi.properties file found from ClassLoader cpw.mods.modlauncher.TransformingClassLoader@149f5761
[05May2026 18:53:35.913] [Datafixer Bootstrap/INFO] [com.mojang.datafixers.DataFixerBuilder/]: 229 Datafixer optimizations took 151 milliseconds
[05May2026 18:53:36.011] [main/DEBUG] [oshi.util.FileUtil/]: No oshi.architecture.properties file found from ClassLoader cpw.mods.modlauncher.TransformingClassLoader@149f5761
[05May2026 18:53:36.032] [main/WARN] [oshi.driver.windows.perfmon.PerfmonDisabled/]: Invalid registry value type detected for PerfOS counters. Should be REG_DWORD. Ignoring: HKEY_LOCAL_MACHINE\SYSTEM\CurrentControlSet\Services\PerfOS\Performance\Disable Performance Counters.
[05May2026 18:53:36.047] [pool-15-thread-1/DEBUG] [mixin/]: Mixing patch.registries.MixinBuiltInRegistries from bookshelf.mixins.json into net.minecraft.core.registries.BuiltInRegistries
[05May2026 18:53:36.047] [pool-15-thread-1/DEBUG] [mixin/]: bookshelf.mixins.json:patch.registries.MixinBuiltInRegistries from mod bookshelf: Class version 65 required is higher than the class version supported by the current version of Mixin (JAVA_18 supports class version 62)
[05May2026 18:53:36.047] [pool-15-thread-1/DEBUG] [mixin/]: Renaming synthetic method lambda$bootstrap$2(Lnet/darkhax/bookshelf/common/api/registry/IContentProvider;)V to mdec8d8d$bookshelf$lambda$bootstrap$2$0 in bookshelf.mixins.json:patch.registries.MixinBuiltInRegistries from mod bookshelf
[05May2026 18:53:36.048] [pool-15-thread-1/DEBUG] [mixin/]: Renaming synthetic method lambda$bootstrap$1(Lnet/minecraft/resources/ResourceLocation;Ljava/lang/Boolean;)Ljava/util/function/Supplier; to mdec8d8d$bookshelf$lambda$bootstrap$1$1 in bookshelf.mixins.json:patch.registries.MixinBuiltInRegistries from mod bookshelf
[05May2026 18:53:36.048] [pool-15-thread-1/DEBUG] [mixin/]: Renaming synthetic method lambda$bootstrap$0(Lnet/minecraft/core/particles/SimpleParticleType;)Lnet/minecraft/core/particles/SimpleParticleType; to mdec8d8d$bookshelf$lambda$bootstrap$0$2 in bookshelf.mixins.json:patch.registries.MixinBuiltInRegistries from mod bookshelf
[05May2026 18:53:36.062] [pool-15-thread-1/DEBUG] [mixin/]: bookshelf.mixins.json:patch.registries.MixinBuiltInRegistries from mod bookshelf->@Inject::bootstrap(Lorg/spongepowered/asm/mixin/injection/callback/CallbackInfo;)V doesn't use it's CallbackInfo
[05May2026 18:53:36.066] [pool-15-thread-1/DEBUG] [mixin/]: Mixing MappedRegistryAccessor from neoforge.mixins.json into net.minecraft.core.MappedRegistry
[05May2026 18:53:36.081] [pool-15-thread-1/DEBUG] [mixin/]: Mixing patch.effect.MixinEffects from bookshelf.mixins.json into net.minecraft.world.effect.MobEffects
[05May2026 18:53:36.081] [pool-15-thread-1/DEBUG] [mixin/]: bookshelf.mixins.json:patch.effect.MixinEffects from mod bookshelf: Class version 65 required is higher than the class version supported by the current version of Mixin (JAVA_18 supports class version 62)
[05May2026 18:53:36.081] [pool-15-thread-1/DEBUG] [mixin/]: Renaming synthetic method lambda$onClassInit$1(Lnet/darkhax/bookshelf/common/api/registry/IContentProvider;)V to mdec8d8d$bookshelf$lambda$onClassInit$1$0 in bookshelf.mixins.json:patch.effect.MixinEffects from mod bookshelf
[05May2026 18:53:36.081] [pool-15-thread-1/DEBUG] [mixin/]: Renaming synthetic method lambda$onClassInit$0(Lnet/minecraft/resources/ResourceLocation;Lnet/minecraft/world/effect/MobEffect;)V to mdec8d8d$bookshelf$lambda$onClassInit$0$1 in bookshelf.mixins.json:patch.effect.MixinEffects from mod bookshelf
[05May2026 18:53:36.083] [pool-15-thread-1/DEBUG] [mixin/]: bookshelf.mixins.json:patch.effect.MixinEffects from mod bookshelf->@Inject::onClassInit(Lorg/spongepowered/asm/mixin/injection/callback/CallbackInfo;)V doesn't use it's CallbackInfo
[05May2026 18:53:36.088] [pool-15-thread-1/DEBUG] [mixin/]: Mixing patch.potions.MixinPotions from bookshelf.mixins.json into net.minecraft.world.item.alchemy.Potions
[05May2026 18:53:36.088] [pool-15-thread-1/DEBUG] [mixin/]: bookshelf.mixins.json:patch.potions.MixinPotions from mod bookshelf: Class version 65 required is higher than the class version supported by the current version of Mixin (JAVA_18 supports class version 62)
[05May2026 18:53:36.088] [pool-15-thread-1/DEBUG] [mixin/]: Renaming synthetic method lambda$onBootstrap$1(Lnet/darkhax/bookshelf/common/api/registry/IContentProvider;)V to mdec8d8d$bookshelf$lambda$onBootstrap$1$0 in bookshelf.mixins.json:patch.potions.MixinPotions from mod bookshelf
[05May2026 18:53:36.088] [pool-15-thread-1/DEBUG] [mixin/]: Renaming synthetic method lambda$onBootstrap$0(Lnet/minecraft/resources/ResourceLocation;Lnet/minecraft/world/item/alchemy/Potion;)V to mdec8d8d$bookshelf$lambda$onBootstrap$0$1 in bookshelf.mixins.json:patch.potions.MixinPotions from mod bookshelf
[05May2026 18:53:36.094] [pool-15-thread-1/DEBUG] [mixin/]: bookshelf.mixins.json:patch.potions.MixinPotions from mod bookshelf->@Inject::onBootstrap(Lnet/minecraft/core/Registry;Lorg/spongepowered/asm/mixin/injection/callback/CallbackInfoReturnable;)V doesn't use it's CallbackInfoReturnable
[05May2026 18:53:36.096] [pool-15-thread-1/DEBUG] [mixin/]: Mixing patch.entity.MixinAttributes from bookshelf.mixins.json into net.minecraft.world.entity.ai.attributes.Attributes
[05May2026 18:53:36.096] [pool-15-thread-1/DEBUG] [mixin/]: bookshelf.mixins.json:patch.entity.MixinAttributes from mod bookshelf: Class version 65 required is higher than the class version supported by the current version of Mixin (JAVA_18 supports class version 62)
[05May2026 18:53:36.096] [pool-15-thread-1/DEBUG] [mixin/]: Renaming synthetic method lambda$onClassInit$1(Lnet/darkhax/bookshelf/common/api/registry/IContentProvider;)V to mdec8d8d$bookshelf$lambda$onClassInit$1$0 in bookshelf.mixins.json:patch.entity.MixinAttributes from mod bookshelf
[05May2026 18:53:36.096] [pool-15-thread-1/DEBUG] [mixin/]: Renaming synthetic method lambda$onClassInit$0(Lnet/minecraft/resources/ResourceLocation;Lnet/minecraft/world/entity/ai/attributes/Attribute;)V to mdec8d8d$bookshelf$lambda$onClassInit$0$1 in bookshelf.mixins.json:patch.entity.MixinAttributes from mod bookshelf
[05May2026 18:53:36.100] [pool-15-thread-1/DEBUG] [mixin/]: bookshelf.mixins.json:patch.entity.MixinAttributes from mod bookshelf->@Inject::onClassInit(Lorg/spongepowered/asm/mixin/injection/callback/CallbackInfo;)V doesn't use it's CallbackInfo
[05May2026 18:53:36.104] [pool-15-thread-1/DEBUG] [mixin/]: Mixing patch.commands.MixinArgumentTypeInfos from bookshelf.mixins.json into net.minecraft.commands.synchronization.ArgumentTypeInfos
[05May2026 18:53:36.104] [pool-15-thread-1/DEBUG] [mixin/]: bookshelf.mixins.json:patch.commands.MixinArgumentTypeInfos from mod bookshelf: Class version 65 required is higher than the class version supported by the current version of Mixin (JAVA_18 supports class version 62)
[05May2026 18:53:36.105] [pool-15-thread-1/DEBUG] [mixin/]: Renaming synthetic method lambda$bootstrap$0(Lnet/minecraft/core/Registry;Lnet/darkhax/bookshelf/common/api/registry/IContentProvider;)V to mdec8d8d$bookshelf$lambda$bootstrap$0$0 in bookshelf.mixins.json:patch.commands.MixinArgumentTypeInfos from mod bookshelf
[05May2026 18:53:36.110] [pool-15-thread-1/DEBUG] [mixin/]: bookshelf.mixins.json:patch.commands.MixinArgumentTypeInfos from mod bookshelf->@Inject::bootstrap(Lnet/minecraft/core/Registry;Lorg/spongepowered/asm/mixin/injection/callback/CallbackInfoReturnable;)V doesn't use it's CallbackInfoReturnable
[05May2026 18:53:36.119] [pool-15-thread-1/DEBUG] [mixin/]: Mixing patch.MixinCatVariant from bookshelf.mixins.json into net.minecraft.world.entity.animal.CatVariant
[05May2026 18:53:36.119] [pool-15-thread-1/DEBUG] [mixin/]: bookshelf.mixins.json:patch.MixinCatVariant from mod bookshelf: Class version 65 required is higher than the class version supported by the current version of Mixin (JAVA_18 supports class version 62)
[05May2026 18:53:36.119] [pool-15-thread-1/DEBUG] [mixin/]: Renaming synthetic method lambda$onBootstrap$1(Lnet/minecraft/core/Registry;Lnet/darkhax/bookshelf/common/api/registry/IContentProvider;)V to mdec8d8d$bookshelf$lambda$onBootstrap$1$0 in bookshelf.mixins.json:patch.MixinCatVariant from mod bookshelf
[05May2026 18:53:36.119] [pool-15-thread-1/DEBUG] [mixin/]: Renaming synthetic method lambda$onBootstrap$0(Lnet/minecraft/core/Registry;Lnet/minecraft/resources/ResourceKey;Lnet/minecraft/resources/ResourceLocation;)V to mdec8d8d$bookshelf$lambda$onBootstrap$0$1 in bookshelf.mixins.json:patch.MixinCatVariant from mod bookshelf
[05May2026 18:53:36.122] [pool-15-thread-1/DEBUG] [mixin/]: bookshelf.mixins.json:patch.MixinCatVariant from mod bookshelf->@Inject::onBootstrap(Lnet/minecraft/core/Registry;Lorg/spongepowered/asm/mixin/injection/callback/CallbackInfoReturnable;)V doesn't use it's CallbackInfoReturnable
[05May2026 18:53:36.124] [pool-15-thread-1/DEBUG] [mixin/]: Mixing patch.block.MixinDecoratedPotPatterns from bookshelf.mixins.json into net.minecraft.world.level.block.entity.DecoratedPotPatterns
[05May2026 18:53:36.124] [pool-15-thread-1/DEBUG] [mixin/]: bookshelf.mixins.json:patch.block.MixinDecoratedPotPatterns from mod bookshelf: Class version 65 required is higher than the class version supported by the current version of Mixin (JAVA_18 supports class version 62)
[05May2026 18:53:36.124] [pool-15-thread-1/DEBUG] [mixin/]: Renaming synthetic method lambda$bootstrap$1(Lnet/minecraft/core/Registry;Lnet/darkhax/bookshelf/common/api/registry/IContentProvider;)V to mdec8d8d$bookshelf$lambda$bootstrap$1$0 in bookshelf.mixins.json:patch.block.MixinDecoratedPotPatterns from mod bookshelf
[05May2026 18:53:36.124] [pool-15-thread-1/DEBUG] [mixin/]: Renaming synthetic method lambda$bootstrap$0(Lnet/minecraft/core/Registry;Lnet/minecraft/resources/ResourceLocation;Lnet/minecraft/resources/ResourceKey;)V to mdec8d8d$bookshelf$lambda$bootstrap$0$1 in bookshelf.mixins.json:patch.block.MixinDecoratedPotPatterns from mod bookshelf
[05May2026 18:53:36.132] [pool-15-thread-1/DEBUG] [mixin/]: bookshelf.mixins.json:patch.block.MixinDecoratedPotPatterns from mod bookshelf->@Inject::getResourceKey(Lnet/minecraft/world/item/Item;Lorg/spongepowered/asm/mixin/injection/callback/CallbackInfoReturnable;)V does use it's CallbackInfoReturnable
[05May2026 18:53:36.132] [pool-15-thread-1/DEBUG] [mixin/]: bookshelf.mixins.json:patch.block.MixinDecoratedPotPatterns from mod bookshelf->@Inject::bootstrap(Lnet/minecraft/core/Registry;Lorg/spongepowered/asm/mixin/injection/callback/CallbackInfoReturnable;)V doesn't use it's CallbackInfoReturnable
[05May2026 18:53:36.136] [pool-15-thread-1/DEBUG] [mixin/]: Mixing patch.item.MixinCreativeModeTab from bookshelf.mixins.json into net.minecraft.world.item.CreativeModeTab
[05May2026 18:53:36.136] [pool-15-thread-1/DEBUG] [mixin/]: bookshelf.mixins.json:patch.item.MixinCreativeModeTab from mod bookshelf: Class version 65 required is higher than the class version supported by the current version of Mixin (JAVA_18 supports class version 62)
[05May2026 18:53:36.136] [pool-15-thread-1/DEBUG] [mixin/]: Renaming synthetic method lambda$buildContents$1(Lnet/minecraft/world/item/ItemStack;)V to mdec8d8d$bookshelf$lambda$buildContents$1$0 in bookshelf.mixins.json:patch.item.MixinCreativeModeTab from mod bookshelf
[05May2026 18:53:36.136] [pool-15-thread-1/DEBUG] [mixin/]: Renaming synthetic method lambda$buildContents$0(Lnet/minecraft/resources/ResourceLocation;)Lnet/minecraft/tags/TagKey; to mdec8d8d$bookshelf$lambda$buildContents$0$1 in bookshelf.mixins.json:patch.item.MixinCreativeModeTab from mod bookshelf
[05May2026 18:53:36.150] [pool-15-thread-1/DEBUG] [mixin/]: bookshelf.mixins.json:patch.item.MixinCreativeModeTab from mod bookshelf->@Inject::buildContents(Lnet/minecraft/world/item/CreativeModeTab$ItemDisplayParameters;Lorg/spongepowered/asm/mixin/injection/callback/CallbackInfo;)V doesn't use it's CallbackInfo
[05May2026 18:53:36.151] [pool-15-thread-1/DEBUG] [mixin/]: bookshelf.mixins.json:patch.item.MixinCreativeModeTab from mod bookshelf->@Inject::buildContents(Lnet/minecraft/world/item/CreativeModeTab$ItemDisplayParameters;Lorg/spongepowered/asm/mixin/injection/callback/CallbackInfo;)V has 0 override(s) in child classes
[05May2026 18:53:36.151] [pool-15-thread-1/DEBUG] [mixin/]: bookshelf.mixins.json:patch.item.MixinCreativeModeTab from mod bookshelf->@Inject::buildContents(Lnet/minecraft/world/item/CreativeModeTab$ItemDisplayParameters;Lorg/spongepowered/asm/mixin/injection/callback/CallbackInfo;)V won't be passed a CallbackInfo as a result
[05May2026 18:53:36.153] [pool-15-thread-1/DEBUG] [mixin/]: Mixing patch.advancement.MixinCriteriaTriggers from bookshelf.mixins.json into net.minecraft.advancements.CriteriaTriggers
[05May2026 18:53:36.153] [pool-15-thread-1/DEBUG] [mixin/]: bookshelf.mixins.json:patch.advancement.MixinCriteriaTriggers from mod bookshelf: Class version 65 required is higher than the class version supported by the current version of Mixin (JAVA_18 supports class version 62)
[05May2026 18:53:36.153] [pool-15-thread-1/DEBUG] [mixin/]: Renaming synthetic method lambda$bootstrap$1(Lnet/minecraft/core/Registry;Lnet/darkhax/bookshelf/common/api/registry/IContentProvider;)V to mdec8d8d$bookshelf$lambda$bootstrap$1$0 in bookshelf.mixins.json:patch.advancement.MixinCriteriaTriggers from mod bookshelf
[05May2026 18:53:36.155] [pool-15-thread-1/DEBUG] [mixin/]: Renaming synthetic method lambda$bootstrap$0(Lnet/minecraft/core/Registry;Lnet/minecraft/resources/ResourceLocation;Lnet/minecraft/advancements/CriterionTrigger;)V to mdec8d8d$bookshelf$lambda$bootstrap$0$1 in bookshelf.mixins.json:patch.advancement.MixinCriteriaTriggers from mod bookshelf
[05May2026 18:53:36.156] [pool-15-thread-1/DEBUG] [mixin/]: bookshelf.mixins.json:patch.advancement.MixinCriteriaTriggers from mod bookshelf->@Inject::bootstrap(Lnet/minecraft/core/Registry;Lorg/spongepowered/asm/mixin/injection/callback/CallbackInfoReturnable;)V doesn't use it's CallbackInfoReturnable
[05May2026 18:53:36.158] [pool-15-thread-1/DEBUG] [mixin/]: Mixing patch.component.MixinDataComponents from bookshelf.mixins.json into net.minecraft.core.component.DataComponents
[05May2026 18:53:36.158] [pool-15-thread-1/DEBUG] [mixin/]: bookshelf.mixins.json:patch.component.MixinDataComponents from mod bookshelf: Class version 65 required is higher than the class version supported by the current version of Mixin (JAVA_18 supports class version 62)
[05May2026 18:53:36.159] [pool-15-thread-1/DEBUG] [mixin/]: Renaming synthetic method lambda$bootstrap$0(Lnet/darkhax/bookshelf/common/api/registry/IContentProvider;)V to mdec8d8d$bookshelf$lambda$bootstrap$0$0 in bookshelf.mixins.json:patch.component.MixinDataComponents from mod bookshelf
[05May2026 18:53:36.160] [pool-15-thread-1/DEBUG] [mixin/]: bookshelf.mixins.json:patch.component.MixinDataComponents from mod bookshelf->@Inject::bootstrap(Lnet/minecraft/core/Registry;Lorg/spongepowered/asm/mixin/injection/callback/CallbackInfoReturnable;)V doesn't use it's CallbackInfoReturnable
[05May2026 18:53:36.161] [pool-15-thread-1/DEBUG] [mixin/]: Mixing patch.advancement.MixinItemSubPredicates from bookshelf.mixins.json into net.minecraft.advancements.critereon.ItemSubPredicates
[05May2026 18:53:36.161] [pool-15-thread-1/DEBUG] [mixin/]: bookshelf.mixins.json:patch.advancement.MixinItemSubPredicates from mod bookshelf: Class version 65 required is higher than the class version supported by the current version of Mixin (JAVA_18 supports class version 62)
[05May2026 18:53:36.162] [pool-15-thread-1/DEBUG] [mixin/]: Renaming synthetic method lambda$onBootstrap$1(Lnet/darkhax/bookshelf/common/api/registry/IContentProvider;)V to mdec8d8d$bookshelf$lambda$onBootstrap$1$0 in bookshelf.mixins.json:patch.advancement.MixinItemSubPredicates from mod bookshelf
[05May2026 18:53:36.162] [pool-15-thread-1/DEBUG] [mixin/]: Renaming synthetic method lambda$onBootstrap$0(Lnet/minecraft/resources/ResourceLocation;Lnet/minecraft/advancements/critereon/ItemSubPredicate$Type;)V to mdec8d8d$bookshelf$lambda$onBootstrap$0$1 in bookshelf.mixins.json:patch.advancement.MixinItemSubPredicates from mod bookshelf
[05May2026 18:53:36.165] [pool-15-thread-1/DEBUG] [mixin/]: bookshelf.mixins.json:patch.advancement.MixinItemSubPredicates from mod bookshelf->@Inject::onBootstrap(Lnet/minecraft/core/Registry;Lorg/spongepowered/asm/mixin/injection/callback/CallbackInfoReturnable;)V doesn't use it's CallbackInfoReturnable
[05May2026 18:53:36.173] [pool-15-thread-1/DEBUG] [mixin/]: Mixing patch.block.MixinBlock from bookshelf.mixins.json into net.minecraft.world.level.block.Block
[05May2026 18:53:36.174] [pool-15-thread-1/DEBUG] [mixin/]: bookshelf.mixins.json:patch.block.MixinBlock from mod bookshelf: Class version 65 required is higher than the class version supported by the current version of Mixin (JAVA_18 supports class version 62)
[05May2026 18:53:36.174] [pool-15-thread-1/DEBUG] [mixin/]: Renaming synthetic method lambda$onClassInit$1(Lnet/darkhax/bookshelf/common/api/registry/IContentProvider;)V to mdec8d8d$bookshelf$lambda$onClassInit$1$0 in bookshelf.mixins.json:patch.block.MixinBlock from mod bookshelf
[05May2026 18:53:36.175] [pool-15-thread-1/DEBUG] [mixin/]: Renaming synthetic method lambda$onClassInit$0(Lnet/minecraft/resources/ResourceLocation;Lnet/minecraft/world/level/block/Block;)V to mdec8d8d$bookshelf$lambda$onClassInit$0$1 in bookshelf.mixins.json:patch.block.MixinBlock from mod bookshelf
[05May2026 18:53:36.177] [pool-15-thread-1/DEBUG] [mixin/]: bookshelf.mixins.json:patch.block.MixinBlock from mod bookshelf->@Inject::onClassInit(Lorg/spongepowered/asm/mixin/injection/callback/CallbackInfo;)V doesn't use it's CallbackInfo
[05May2026 18:53:36.194] [pool-15-thread-1/DEBUG] [mixin/]: Mixing access.entity.AccessorEntity from bookshelf.mixins.json into net.minecraft.world.entity.Entity
[05May2026 18:53:36.194] [pool-15-thread-1/DEBUG] [mixin/]: bookshelf.mixins.json:access.entity.AccessorEntity from mod bookshelf: Class version 65 required is higher than the class version supported by the current version of Mixin (JAVA_18 supports class version 62)
[05May2026 18:53:36.250] [pool-15-thread-1/DEBUG] [Bookshelf/]: Loaded net.darkhax.bookshelf.neoforge.impl.util.NeoForgePlatformHelper@6798f3ee for service interface net.darkhax.bookshelf.common.api.util.IPlatformHelper.
[05May2026 18:53:36.251] [pool-15-thread-1/DEBUG] [Bookshelf/]: Loaded net.darkhax.bookshelf.neoforge.impl.util.NeoForgeGameplayHelper@40c64c0e for service interface net.darkhax.bookshelf.common.api.util.IGameplayHelper.
[05May2026 18:53:36.252] [pool-15-thread-1/DEBUG] [Bookshelf/]: Loaded net.darkhax.bookshelf.neoforge.impl.network.NeoForgeNetworkHandler@72c9f8e9 for service interface net.darkhax.bookshelf.common.api.network.INetworkHandler.
[05May2026 18:53:36.253] [pool-15-thread-1/DEBUG] [Bookshelf/]: Loaded 1 entries for interface net.darkhax.bookshelf.common.api.registry.IContentProvider. net.darkhax.bookshelf.common.impl.BookshelfContent
[05May2026 18:53:36.347] [pool-15-thread-1/DEBUG] [mixin/]: Mixing access.block.AccessorCropBlock from bookshelf.mixins.json into net.minecraft.world.level.block.CropBlock
[05May2026 18:53:36.347] [pool-15-thread-1/DEBUG] [mixin/]: bookshelf.mixins.json:access.block.AccessorCropBlock from mod bookshelf: Class version 65 required is higher than the class version supported by the current version of Mixin (JAVA_18 supports class version 62)
[05May2026 18:53:36.441] [pool-15-thread-1/DEBUG] [mixin/]: Mixing patch.entity.MixinEntityType from bookshelf.mixins.json into net.minecraft.world.entity.EntityType
[05May2026 18:53:36.441] [pool-15-thread-1/DEBUG] [mixin/]: bookshelf.mixins.json:patch.entity.MixinEntityType from mod bookshelf: Class version 65 required is higher than the class version supported by the current version of Mixin (JAVA_18 supports class version 62)
[05May2026 18:53:36.441] [pool-15-thread-1/DEBUG] [mixin/]: Renaming synthetic method lambda$onClassInit$1(Lnet/darkhax/bookshelf/common/api/registry/IContentProvider;)V to mdec8d8d$bookshelf$lambda$onClassInit$1$0 in bookshelf.mixins.json:patch.entity.MixinEntityType from mod bookshelf
[05May2026 18:53:36.441] [pool-15-thread-1/DEBUG] [mixin/]: Renaming synthetic method lambda$onClassInit$0(Lnet/minecraft/resources/ResourceLocation;Lnet/minecraft/world/entity/EntityType$Builder;)V to mdec8d8d$bookshelf$lambda$onClassInit$0$1 in bookshelf.mixins.json:patch.entity.MixinEntityType from mod bookshelf
[05May2026 18:53:36.443] [pool-15-thread-1/DEBUG] [mixin/]: bookshelf.mixins.json:patch.entity.MixinEntityType from mod bookshelf->@Inject::onClassInit(Lorg/spongepowered/asm/mixin/injection/callback/CallbackInfo;)V doesn't use it's CallbackInfo
[05May2026 18:53:36.522] [pool-15-thread-1/DEBUG] [mixin/]: Mixing access.block.AccessorBaseContainerBlockEntity from bookshelf.mixins.json into net.minecraft.world.level.block.entity.BaseContainerBlockEntity
[05May2026 18:53:36.522] [pool-15-thread-1/DEBUG] [mixin/]: bookshelf.mixins.json:access.block.AccessorBaseContainerBlockEntity from mod bookshelf: Class version 65 required is higher than the class version supported by the current version of Mixin (JAVA_18 supports class version 62)
[05May2026 18:53:36.607] [pool-15-thread-1/DEBUG] [mixin/]: Mixing access.particles.AccessSimpleParticleType from bookshelf.mixins.json into net.minecraft.core.particles.SimpleParticleType
[05May2026 18:53:36.607] [pool-15-thread-1/DEBUG] [mixin/]: bookshelf.mixins.json:access.particles.AccessSimpleParticleType from mod bookshelf: Class version 65 required is higher than the class version supported by the current version of Mixin (JAVA_18 supports class version 62)
[05May2026 18:53:36.608] [pool-15-thread-1/DEBUG] [mixin/]: Renaming @Invoker method init(Z)Lnet/minecraft/core/particles/SimpleParticleType; to init$bookshelf_$md$ec8d8d$0 in bookshelf.mixins.json:access.particles.AccessSimpleParticleType from mod bookshelf
[05May2026 18:53:36.653] [pool-15-thread-1/DEBUG] [mixin/]: Mixing patch.block.MixinBlockEntityType from bookshelf.mixins.json into net.minecraft.world.level.block.entity.BlockEntityType
[05May2026 18:53:36.653] [pool-15-thread-1/DEBUG] [mixin/]: bookshelf.mixins.json:patch.block.MixinBlockEntityType from mod bookshelf: Class version 65 required is higher than the class version supported by the current version of Mixin (JAVA_18 supports class version 62)
[05May2026 18:53:36.653] [pool-15-thread-1/DEBUG] [mixin/]: Renaming synthetic method lambda$onClassInit$1(Lnet/darkhax/bookshelf/common/api/registry/IContentProvider;)V to mdec8d8d$bookshelf$lambda$onClassInit$1$0 in bookshelf.mixins.json:patch.block.MixinBlockEntityType from mod bookshelf
[05May2026 18:53:36.653] [pool-15-thread-1/DEBUG] [mixin/]: Renaming synthetic method lambda$onClassInit$0(Lnet/minecraft/resources/ResourceLocation;Lnet/minecraft/world/level/block/entity/BlockEntityType$Builder;)V to mdec8d8d$bookshelf$lambda$onClassInit$0$1 in bookshelf.mixins.json:patch.block.MixinBlockEntityType from mod bookshelf
[05May2026 18:53:36.654] [pool-15-thread-1/DEBUG] [mixin/]: Mixing BlockEntityTypeAccessor from neoforge.mixins.json into net.minecraft.world.level.block.entity.BlockEntityType
[05May2026 18:53:36.654] [pool-15-thread-1/DEBUG] [mixin/]: bookshelf.mixins.json:patch.block.MixinBlockEntityType from mod bookshelf->@Inject::onClassInit(Lorg/spongepowered/asm/mixin/injection/callback/CallbackInfo;)V doesn't use it's CallbackInfo
[05May2026 18:53:36.788] [pool-15-thread-1/DEBUG] [mixin/]: Mixing patch.MixinItemStack from enchdesc.mixins.json into net.minecraft.world.item.ItemStack
[05May2026 18:53:36.788] [pool-15-thread-1/DEBUG] [mixin/]: enchdesc.mixins.json:patch.MixinItemStack from mod enchdesc: Class version 65 required is higher than the class version supported by the current version of Mixin (JAVA_18 supports class version 62)
[05May2026 18:53:36.794] [pool-15-thread-1/DEBUG] [mixin/]: enchdesc.mixins.json:patch.MixinItemStack from mod enchdesc->@Inject::beforeEnchantmentTooltips(Lnet/minecraft/world/item/Item$TooltipContext;Lnet/minecraft/world/entity/player/Player;Lnet/minecraft/world/item/TooltipFlag;Lorg/spongepowered/asm/mixin/injection/callback/CallbackInfoReturnable;)V doesn't use it's CallbackInfoReturnable
[05May2026 18:53:36.795] [pool-15-thread-1/DEBUG] [mixin/]: enchdesc.mixins.json:patch.MixinItemStack from mod enchdesc->@Inject::afterEnchantmentTooltips(Lnet/minecraft/world/item/Item$TooltipContext;Lnet/minecraft/world/entity/player/Player;Lnet/minecraft/world/item/TooltipFlag;Lorg/spongepowered/asm/mixin/injection/callback/CallbackInfoReturnable;Ljava/util/List;)V doesn't use it's CallbackInfoReturnable
[05May2026 18:53:36.852] [pool-15-thread-1/DEBUG] [mixin/]: Mixing access.block.AccessorBannerBlockEntity from bookshelf.mixins.json into net.minecraft.world.level.block.entity.BannerBlockEntity
[05May2026 18:53:36.852] [pool-15-thread-1/DEBUG] [mixin/]: bookshelf.mixins.json:access.block.AccessorBannerBlockEntity from mod bookshelf: Class version 65 required is higher than the class version supported by the current version of Mixin (JAVA_18 supports class version 62)
[05May2026 18:53:37.427] [pool-15-thread-1/DEBUG] [mixin/]: Mixing patch.item.MixinItems from bookshelf.mixins.json into net.minecraft.world.item.Items
[05May2026 18:53:37.427] [pool-15-thread-1/DEBUG] [mixin/]: bookshelf.mixins.json:patch.item.MixinItems from mod bookshelf: Class version 65 required is higher than the class version supported by the current version of Mixin (JAVA_18 supports class version 62)
[05May2026 18:53:37.427] [pool-15-thread-1/DEBUG] [mixin/]: Renaming synthetic method lambda$onClassInit$0(Lnet/darkhax/bookshelf/common/api/registry/IContentProvider;)V to mdec8d8d$bookshelf$lambda$onClassInit$0$0 in bookshelf.mixins.json:patch.item.MixinItems from mod bookshelf
[05May2026 18:53:37.430] [pool-15-thread-1/DEBUG] [mixin/]: bookshelf.mixins.json:patch.item.MixinItems from mod bookshelf->@Inject::onClassInit(Lorg/spongepowered/asm/mixin/injection/callback/CallbackInfo;)V doesn't use it's CallbackInfo
[05May2026 18:53:37.483] [pool-15-thread-1/DEBUG] [mixin/]: Mixing patch.MixinItemEnchants from enchdesc.mixins.json into net.minecraft.world.item.enchantment.ItemEnchantments
[05May2026 18:53:37.483] [pool-15-thread-1/DEBUG] [mixin/]: enchdesc.mixins.json:patch.MixinItemEnchants from mod enchdesc: Class version 65 required is higher than the class version supported by the current version of Mixin (JAVA_18 supports class version 62)
[05May2026 18:53:37.489] [pool-15-thread-1/DEBUG] [mixin/]: enchdesc.mixins.json:patch.MixinItemEnchants from mod enchdesc->@Inject::sortedEnchantment(Lnet/minecraft/world/item/Item$TooltipContext;Ljava/util/function/Consumer;Lnet/minecraft/world/item/TooltipFlag;Lorg/spongepowered/asm/mixin/injection/callback/CallbackInfo;Lnet/minecraft/core/HolderLookup$Provider;Lnet/minecraft/core/HolderSet;Ljava/util/Iterator;Lnet/minecraft/core/Holder;I)V doesn't use it's CallbackInfo
[05May2026 18:53:37.489] [pool-15-thread-1/DEBUG] [mixin/]: enchdesc.mixins.json:patch.MixinItemEnchants from mod enchdesc->@Inject::sortedEnchantment(Lnet/minecraft/world/item/Item$TooltipContext;Ljava/util/function/Consumer;Lnet/minecraft/world/item/TooltipFlag;Lorg/spongepowered/asm/mixin/injection/callback/CallbackInfo;Lnet/minecraft/core/HolderLookup$Provider;Lnet/minecraft/core/HolderSet;Ljava/util/Iterator;Lnet/minecraft/core/Holder;I)V has 0 override(s) in child classes
[05May2026 18:53:37.489] [pool-15-thread-1/DEBUG] [mixin/]: enchdesc.mixins.json:patch.MixinItemEnchants from mod enchdesc->@Inject::sortedEnchantment(Lnet/minecraft/world/item/Item$TooltipContext;Ljava/util/function/Consumer;Lnet/minecraft/world/item/TooltipFlag;Lorg/spongepowered/asm/mixin/injection/callback/CallbackInfo;Lnet/minecraft/core/HolderLookup$Provider;Lnet/minecraft/core/HolderSet;Ljava/util/Iterator;Lnet/minecraft/core/Holder;I)V won't be passed a CallbackInfo as a result
[05May2026 18:53:37.489] [pool-15-thread-1/DEBUG] [mixin/]: enchdesc.mixins.json:patch.MixinItemEnchants from mod enchdesc->@Inject::unsortedEnchantment(Lnet/minecraft/world/item/Item$TooltipContext;Ljava/util/function/Consumer;Lnet/minecraft/world/item/TooltipFlag;Lorg/spongepowered/asm/mixin/injection/callback/CallbackInfo;Lnet/minecraft/core/HolderLookup$Provider;Lnet/minecraft/core/HolderSet;Lit/unimi/dsi/fastutil/objects/ObjectIterator;Lit/unimi/dsi/fastutil/objects/Object2IntMap$Entry;Lnet/minecraft/core/Holder;)V doesn't use it's CallbackInfo
[05May2026 18:53:37.489] [pool-15-thread-1/DEBUG] [mixin/]: enchdesc.mixins.json:patch.MixinItemEnchants from mod enchdesc->@Inject::unsortedEnchantment(Lnet/minecraft/world/item/Item$TooltipContext;Ljava/util/function/Consumer;Lnet/minecraft/world/item/TooltipFlag;Lorg/spongepowered/asm/mixin/injection/callback/CallbackInfo;Lnet/minecraft/core/HolderLookup$Provider;Lnet/minecraft/core/HolderSet;Lit/unimi/dsi/fastutil/objects/ObjectIterator;Lit/unimi/dsi/fastutil/objects/Object2IntMap$Entry;Lnet/minecraft/core/Holder;)V has 0 override(s) in child classes
[05May2026 18:53:37.489] [pool-15-thread-1/DEBUG] [mixin/]: enchdesc.mixins.json:patch.MixinItemEnchants from mod enchdesc->@Inject::unsortedEnchantment(Lnet/minecraft/world/item/Item$TooltipContext;Ljava/util/function/Consumer;Lnet/minecraft/world/item/TooltipFlag;Lorg/spongepowered/asm/mixin/injection/callback/CallbackInfo;Lnet/minecraft/core/HolderLookup$Provider;Lnet/minecraft/core/HolderSet;Lit/unimi/dsi/fastutil/objects/ObjectIterator;Lit/unimi/dsi/fastutil/objects/Object2IntMap$Entry;Lnet/minecraft/core/Holder;)V won't be passed a CallbackInfo as a result
[05May2026 18:53:37.506] [pool-15-thread-1/DEBUG] [io.netty.util.internal.PlatformDependent0/]: -Dio.netty.noUnsafe: false
[05May2026 18:53:37.506] [pool-15-thread-1/DEBUG] [io.netty.util.internal.PlatformDependent0/]: Java version: 21
[05May2026 18:53:37.506] [pool-15-thread-1/DEBUG] [io.netty.util.internal.PlatformDependent0/]: sun.misc.Unsafe.theUnsafe: available
[05May2026 18:53:37.506] [pool-15-thread-1/DEBUG] [io.netty.util.internal.PlatformDependent0/]: sun.misc.Unsafe.copyMemory: available
[05May2026 18:53:37.507] [pool-15-thread-1/DEBUG] [io.netty.util.internal.PlatformDependent0/]: sun.misc.Unsafe.storeFence: available
[05May2026 18:53:37.507] [pool-15-thread-1/DEBUG] [io.netty.util.internal.PlatformDependent0/]: java.nio.Buffer.address: available
[05May2026 18:53:37.507] [pool-15-thread-1/DEBUG] [io.netty.util.internal.PlatformDependent0/]: direct buffer constructor: unavailable: Reflective setAccessible(true) disabled
[05May2026 18:53:37.508] [pool-15-thread-1/DEBUG] [io.netty.util.internal.PlatformDependent0/]: java.nio.Bits.unaligned: available, true
[05May2026 18:53:37.508] [pool-15-thread-1/DEBUG] [io.netty.util.internal.PlatformDependent0/]: jdk.internal.misc.Unsafe.allocateUninitializedArray(int): unavailable: class io.netty.util.internal.PlatformDependent0$7 (in module io.netty.common) cannot access class jdk.internal.misc.Unsafe (in module java.base) because module java.base does not export jdk.internal.misc to module io.netty.common
[05May2026 18:53:37.508] [pool-15-thread-1/DEBUG] [io.netty.util.internal.PlatformDependent0/]: java.nio.DirectByteBuffer.<init>(long, {int,long}): unavailable
[05May2026 18:53:37.508] [pool-15-thread-1/DEBUG] [io.netty.util.internal.PlatformDependent/]: sun.misc.Unsafe: available
[05May2026 18:53:37.509] [pool-15-thread-1/DEBUG] [io.netty.util.internal.PlatformDependent/]: maxDirectMemory: 12842958848 bytes (maybe)
[05May2026 18:53:37.509] [pool-15-thread-1/DEBUG] [io.netty.util.internal.PlatformDependent/]: -Dio.netty.tmpdir: C:\Users\12501\AppData\Local\Temp (java.io.tmpdir)
[05May2026 18:53:37.509] [pool-15-thread-1/DEBUG] [io.netty.util.internal.PlatformDependent/]: -Dio.netty.bitMode: 64 (sun.arch.data.model)
[05May2026 18:53:37.510] [pool-15-thread-1/DEBUG] [io.netty.util.internal.PlatformDependent/]: Platform: Windows
[05May2026 18:53:37.510] [pool-15-thread-1/DEBUG] [io.netty.util.internal.PlatformDependent/]: -Dio.netty.maxDirectMemory: -1 bytes
[05May2026 18:53:37.510] [pool-15-thread-1/DEBUG] [io.netty.util.internal.PlatformDependent/]: -Dio.netty.uninitializedArrayAllocationThreshold: -1
[05May2026 18:53:37.511] [pool-15-thread-1/DEBUG] [io.netty.util.internal.CleanerJava9/]: java.nio.ByteBuffer.cleaner(): available
[05May2026 18:53:37.511] [pool-15-thread-1/DEBUG] [io.netty.util.internal.PlatformDependent/]: -Dio.netty.noPreferDirect: false
[05May2026 18:53:37.873] [pool-15-thread-1/DEBUG] [mixin/]: Mixing WolfArmorMixin from mut.mixins.json into net.minecraft.world.entity.animal.Wolf
[05May2026 18:53:37.890] [pool-15-thread-1/DEBUG] [mixin/]: mut.mixins.json:WolfArmorMixin from mod mut->@Inject::onMobInteract(Lnet/minecraft/world/entity/player/Player;Lnet/minecraft/world/InteractionHand;Lorg/spongepowered/asm/mixin/injection/callback/CallbackInfoReturnable;)V does use it's CallbackInfoReturnable
[05May2026 18:53:38.177] [pool-15-thread-1/DEBUG] [mixin/]: Mixing patch.gui.MixinMenuType from bookshelf.mixins.json into net.minecraft.world.inventory.MenuType
[05May2026 18:53:38.177] [pool-15-thread-1/DEBUG] [mixin/]: bookshelf.mixins.json:patch.gui.MixinMenuType from mod bookshelf: Class version 65 required is higher than the class version supported by the current version of Mixin (JAVA_18 supports class version 62)
[05May2026 18:53:38.177] [pool-15-thread-1/DEBUG] [mixin/]: Renaming synthetic method lambda$onClassInit$0(Lnet/darkhax/bookshelf/common/api/registry/IContentProvider;)V to mdec8d8d$bookshelf$lambda$onClassInit$0$0 in bookshelf.mixins.json:patch.gui.MixinMenuType from mod bookshelf
[05May2026 18:53:38.178] [pool-15-thread-1/DEBUG] [mixin/]: bookshelf.mixins.json:patch.gui.MixinMenuType from mod bookshelf->@Inject::onClassInit(Lorg/spongepowered/asm/mixin/injection/callback/CallbackInfo;)V doesn't use it's CallbackInfo
[05May2026 18:53:38.186] [pool-15-thread-1/DEBUG] [mixin/]: Mixing patch.item.MixinRecipeType from bookshelf.mixins.json into net.minecraft.world.item.crafting.RecipeType
[05May2026 18:53:38.186] [pool-15-thread-1/DEBUG] [mixin/]: bookshelf.mixins.json:patch.item.MixinRecipeType from mod bookshelf: Class version 65 required is higher than the class version supported by the current version of Mixin (JAVA_18 supports class version 62)
[05May2026 18:53:38.186] [pool-15-thread-1/DEBUG] [mixin/]: Renaming synthetic method lambda$onClassInit$1(Lnet/darkhax/bookshelf/common/api/registry/IContentProvider;)V to mdec8d8d$bookshelf$lambda$onClassInit$1$0 in bookshelf.mixins.json:patch.item.MixinRecipeType from mod bookshelf
[05May2026 18:53:38.186] [pool-15-thread-1/DEBUG] [mixin/]: Renaming synthetic method lambda$onClassInit$0(Lnet/minecraft/resources/ResourceLocation;)V to mdec8d8d$bookshelf$lambda$onClassInit$0$1 in bookshelf.mixins.json:patch.item.MixinRecipeType from mod bookshelf
[05May2026 18:53:38.186] [pool-15-thread-1/DEBUG] [mixin/]: bookshelf.mixins.json:patch.item.MixinRecipeType from mod bookshelf->@Inject::onClassInit(Lorg/spongepowered/asm/mixin/injection/callback/CallbackInfo;)V doesn't use it's CallbackInfo
[05May2026 18:53:38.187] [pool-15-thread-1/DEBUG] [mixin/]: Mixing patch.item.MixinRecipeSerializer from bookshelf.mixins.json into net.minecraft.world.item.crafting.RecipeSerializer
[05May2026 18:53:38.187] [pool-15-thread-1/DEBUG] [mixin/]: bookshelf.mixins.json:patch.item.MixinRecipeSerializer from mod bookshelf: Class version 65 required is higher than the class version supported by the current version of Mixin (JAVA_18 supports class version 62)
[05May2026 18:53:38.187] [pool-15-thread-1/DEBUG] [mixin/]: Renaming synthetic method lambda$onClassInit$1(Lnet/darkhax/bookshelf/common/api/registry/IContentProvider;)V to mdec8d8d$bookshelf$lambda$onClassInit$1$0 in bookshelf.mixins.json:patch.item.MixinRecipeSerializer from mod bookshelf
[05May2026 18:53:38.187] [pool-15-thread-1/DEBUG] [mixin/]: Renaming synthetic method lambda$onClassInit$0(Lnet/minecraft/resources/ResourceLocation;Lnet/minecraft/world/item/crafting/RecipeSerializer;)V to mdec8d8d$bookshelf$lambda$onClassInit$0$1 in bookshelf.mixins.json:patch.item.MixinRecipeSerializer from mod bookshelf
[05May2026 18:53:38.188] [pool-15-thread-1/DEBUG] [mixin/]: bookshelf.mixins.json:patch.item.MixinRecipeSerializer from mod bookshelf->@Inject::onClassInit(Lorg/spongepowered/asm/mixin/injection/callback/CallbackInfo;)V doesn't use it's CallbackInfo
[05May2026 18:53:38.232] [pool-15-thread-1/DEBUG] [mixin/]: Generating mapped inner class net/minecraft/commands/synchronization/ArgumentTypeInfos$Anonymous$3e95a62857cc49e89abba08733ea74a3 (originally net/darkhax/bookshelf/common/mixin/patch/commands/MixinArgumentTypeInfos$1)
[05May2026 18:53:38.255] [pool-15-thread-1/DEBUG] [mixin/]: Mixing patch.loot.MixinLootPoolEntries from bookshelf.mixins.json into net.minecraft.world.level.storage.loot.entries.LootPoolEntries
[05May2026 18:53:38.255] [pool-15-thread-1/DEBUG] [mixin/]: bookshelf.mixins.json:patch.loot.MixinLootPoolEntries from mod bookshelf: Class version 65 required is higher than the class version supported by the current version of Mixin (JAVA_18 supports class version 62)
[05May2026 18:53:38.255] [pool-15-thread-1/DEBUG] [mixin/]: Renaming synthetic method lambda$classInit$1(Lnet/darkhax/bookshelf/common/api/registry/IContentProvider;)V to mdec8d8d$bookshelf$lambda$classInit$1$0 in bookshelf.mixins.json:patch.loot.MixinLootPoolEntries from mod bookshelf
[05May2026 18:53:38.255] [pool-15-thread-1/DEBUG] [mixin/]: Renaming synthetic method lambda$classInit$0(Lnet/minecraft/resources/ResourceLocation;Lcom/mojang/serialization/MapCodec;)V to mdec8d8d$bookshelf$lambda$classInit$0$1 in bookshelf.mixins.json:patch.loot.MixinLootPoolEntries from mod bookshelf
[05May2026 18:53:38.255] [pool-15-thread-1/DEBUG] [mixin/]: bookshelf.mixins.json:patch.loot.MixinLootPoolEntries from mod bookshelf->@Inject::classInit(Lorg/spongepowered/asm/mixin/injection/callback/CallbackInfo;)V doesn't use it's CallbackInfo
[05May2026 18:53:38.257] [pool-15-thread-1/DEBUG] [mixin/]: Mixing access.loot.AccessorLootPoolSingletonContainer from bookshelf.mixins.json into net.minecraft.world.level.storage.loot.entries.LootPoolSingletonContainer
[05May2026 18:53:38.258] [pool-15-thread-1/DEBUG] [mixin/]: bookshelf.mixins.json:access.loot.AccessorLootPoolSingletonContainer from mod bookshelf: Class version 65 required is higher than the class version supported by the current version of Mixin (JAVA_18 supports class version 62)
[05May2026 18:53:38.260] [pool-15-thread-1/DEBUG] [mixin/]: Mixing patch.loot.MixinLootItemFunctions from bookshelf.mixins.json into net.minecraft.world.level.storage.loot.functions.LootItemFunctions
[05May2026 18:53:38.260] [pool-15-thread-1/DEBUG] [mixin/]: bookshelf.mixins.json:patch.loot.MixinLootItemFunctions from mod bookshelf: Class version 65 required is higher than the class version supported by the current version of Mixin (JAVA_18 supports class version 62)
[05May2026 18:53:38.260] [pool-15-thread-1/DEBUG] [mixin/]: Renaming synthetic method lambda$onClassInit$1(Lnet/darkhax/bookshelf/common/api/registry/IContentProvider;)V to mdec8d8d$bookshelf$lambda$onClassInit$1$0 in bookshelf.mixins.json:patch.loot.MixinLootItemFunctions from mod bookshelf
[05May2026 18:53:38.260] [pool-15-thread-1/DEBUG] [mixin/]: Renaming synthetic method lambda$onClassInit$0(Lnet/minecraft/resources/ResourceLocation;Lcom/mojang/serialization/MapCodec;)V to mdec8d8d$bookshelf$lambda$onClassInit$0$1 in bookshelf.mixins.json:patch.loot.MixinLootItemFunctions from mod bookshelf
[05May2026 18:53:38.261] [pool-15-thread-1/DEBUG] [mixin/]: bookshelf.mixins.json:patch.loot.MixinLootItemFunctions from mod bookshelf->@Inject::onClassInit(Lorg/spongepowered/asm/mixin/injection/callback/CallbackInfo;)V doesn't use it's CallbackInfo
[05May2026 18:53:38.304] [pool-15-thread-1/DEBUG] [mixin/]: Mixing access.loot.AccessorLootItem from bookshelf.mixins.json into net.minecraft.world.level.storage.loot.entries.LootItem
[05May2026 18:53:38.304] [pool-15-thread-1/DEBUG] [mixin/]: bookshelf.mixins.json:access.loot.AccessorLootItem from mod bookshelf: Class version 65 required is higher than the class version supported by the current version of Mixin (JAVA_18 supports class version 62)
[05May2026 18:53:38.304] [pool-15-thread-1/DEBUG] [mixin/]: Renaming @Invoker method bookshelf$create(Lnet/minecraft/core/Holder;IILjava/util/List;Ljava/util/List;)Lnet/minecraft/world/level/storage/loot/entries/LootItem; to create$bookshelf_$md$ec8d8d$0 in bookshelf.mixins.json:access.loot.AccessorLootItem from mod bookshelf
[05May2026 18:53:38.305] [pool-15-thread-1/DEBUG] [mixin/]: Mixing access.loot.AccessorNestedLootTable from bookshelf.mixins.json into net.minecraft.world.level.storage.loot.entries.NestedLootTable
[05May2026 18:53:38.305] [pool-15-thread-1/DEBUG] [mixin/]: bookshelf.mixins.json:access.loot.AccessorNestedLootTable from mod bookshelf: Class version 65 required is higher than the class version supported by the current version of Mixin (JAVA_18 supports class version 62)
[05May2026 18:53:38.307] [pool-15-thread-1/DEBUG] [mixin/]: Mixing access.loot.AccessorLootTable from bookshelf.mixins.json into net.minecraft.world.level.storage.loot.LootTable
[05May2026 18:53:38.307] [pool-15-thread-1/DEBUG] [mixin/]: bookshelf.mixins.json:access.loot.AccessorLootTable from mod bookshelf: Class version 65 required is higher than the class version supported by the current version of Mixin (JAVA_18 supports class version 62)
[05May2026 18:53:38.309] [pool-15-thread-1/DEBUG] [mixin/]: Mixing access.loot.AccessorLootPool from bookshelf.mixins.json into net.minecraft.world.level.storage.loot.LootPool
[05May2026 18:53:38.309] [pool-15-thread-1/DEBUG] [mixin/]: bookshelf.mixins.json:access.loot.AccessorLootPool from mod bookshelf: Class version 65 required is higher than the class version supported by the current version of Mixin (JAVA_18 supports class version 62)
[05May2026 18:53:38.309] [pool-15-thread-1/DEBUG] [mixin/]: Mixing patch.loot.MixinLootPool from bookshelf.mixins.json into net.minecraft.world.level.storage.loot.LootPool
[05May2026 18:53:38.309] [pool-15-thread-1/DEBUG] [mixin/]: bookshelf.mixins.json:patch.loot.MixinLootPool from mod bookshelf: Class version 65 required is higher than the class version supported by the current version of Mixin (JAVA_18 supports class version 62)
[05May2026 18:53:38.311] [pool-15-thread-1/DEBUG] [mixin/]: bookshelf.mixins.json:patch.loot.MixinLootPool from mod bookshelf->@Inject::onClassInit(Lorg/spongepowered/asm/mixin/injection/callback/CallbackInfo;)V doesn't use it's CallbackInfo
[05May2026 18:53:38.315] [pool-15-thread-1/DEBUG] [mixin/]: Mixing access.loot.AccessorDynamicLoot from bookshelf.mixins.json into net.minecraft.world.level.storage.loot.entries.DynamicLoot
[05May2026 18:53:38.315] [pool-15-thread-1/DEBUG] [mixin/]: bookshelf.mixins.json:access.loot.AccessorDynamicLoot from mod bookshelf: Class version 65 required is higher than the class version supported by the current version of Mixin (JAVA_18 supports class version 62)
[05May2026 18:53:38.316] [pool-15-thread-1/DEBUG] [mixin/]: Mixing access.loot.AccessorTagEntry from bookshelf.mixins.json into net.minecraft.world.level.storage.loot.entries.TagEntry
[05May2026 18:53:38.316] [pool-15-thread-1/DEBUG] [mixin/]: bookshelf.mixins.json:access.loot.AccessorTagEntry from mod bookshelf: Class version 65 required is higher than the class version supported by the current version of Mixin (JAVA_18 supports class version 62)
[05May2026 18:53:38.318] [pool-15-thread-1/DEBUG] [mixin/]: Mixing access.loot.AccessorCompositeEntryBase from bookshelf.mixins.json into net.minecraft.world.level.storage.loot.entries.CompositeEntryBase
[05May2026 18:53:38.318] [pool-15-thread-1/DEBUG] [mixin/]: bookshelf.mixins.json:access.loot.AccessorCompositeEntryBase from mod bookshelf: Class version 65 required is higher than the class version supported by the current version of Mixin (JAVA_18 supports class version 62)
[05May2026 18:53:38.327] [pool-15-thread-1/DEBUG] [mixin/]: Mixing patch.loot.MixinLootItemConditions from bookshelf.mixins.json into net.minecraft.world.level.storage.loot.predicates.LootItemConditions
[05May2026 18:53:38.328] [pool-15-thread-1/DEBUG] [mixin/]: bookshelf.mixins.json:patch.loot.MixinLootItemConditions from mod bookshelf: Class version 65 required is higher than the class version supported by the current version of Mixin (JAVA_18 supports class version 62)
[05May2026 18:53:38.328] [pool-15-thread-1/DEBUG] [mixin/]: Renaming synthetic method lambda$onClassInit$1(Lnet/darkhax/bookshelf/common/api/registry/IContentProvider;)V to mdec8d8d$bookshelf$lambda$onClassInit$1$0 in bookshelf.mixins.json:patch.loot.MixinLootItemConditions from mod bookshelf
[05May2026 18:53:38.328] [pool-15-thread-1/DEBUG] [mixin/]: Renaming synthetic method lambda$onClassInit$0(Lnet/minecraft/resources/ResourceLocation;Lcom/mojang/serialization/MapCodec;)V to mdec8d8d$bookshelf$lambda$onClassInit$0$1 in bookshelf.mixins.json:patch.loot.MixinLootItemConditions from mod bookshelf
[05May2026 18:53:38.329] [pool-15-thread-1/DEBUG] [mixin/]: bookshelf.mixins.json:patch.loot.MixinLootItemConditions from mod bookshelf->@Inject::onClassInit(Lorg/spongepowered/asm/mixin/injection/callback/CallbackInfo;)V doesn't use it's CallbackInfo
[05May2026 18:53:38.577] [pool-15-thread-1/DEBUG] [mixin/]: Generating mapped inner class net/minecraft/core/component/DataComponents$Anonymous$e9af02a34eee4f97ba95e1abadc7944a (originally net/darkhax/bookshelf/common/mixin/patch/component/MixinDataComponents$1)
[05May2026 18:53:38.719] [main/DEBUG] [mixin/]: Mixing patch.commands.MixinCommands from bookshelf.mixins.json into net.minecraft.commands.Commands
[05May2026 18:53:38.719] [main/DEBUG] [mixin/]: bookshelf.mixins.json:patch.commands.MixinCommands from mod bookshelf: Class version 65 required is higher than the class version supported by the current version of Mixin (JAVA_18 supports class version 62)
[05May2026 18:53:38.719] [main/DEBUG] [mixin/]: Renaming synthetic method lambda$registerCommands$0(Lnet/minecraft/commands/CommandBuildContext;Lnet/minecraft/commands/Commands$CommandSelection;Lnet/darkhax/bookshelf/common/api/registry/IContentProvider;)V to mdec8d8d$bookshelf$lambda$registerCommands$0$0 in bookshelf.mixins.json:patch.commands.MixinCommands from mod bookshelf
[05May2026 18:53:38.720] [main/DEBUG] [mixin/]: bookshelf.mixins.json:patch.commands.MixinCommands from mod bookshelf->@Inject::registerCommands(Lnet/minecraft/commands/Commands$CommandSelection;Lnet/minecraft/commands/CommandBuildContext;Lorg/spongepowered/asm/mixin/injection/callback/CallbackInfo;)V doesn't use it's CallbackInfo
[05May2026 18:53:38.721] [main/DEBUG] [mixin/]: bookshelf.mixins.json:patch.commands.MixinCommands from mod bookshelf->@Inject::registerCommands(Lnet/minecraft/commands/Commands$CommandSelection;Lnet/minecraft/commands/CommandBuildContext;Lorg/spongepowered/asm/mixin/injection/callback/CallbackInfo;)V has 0 override(s) in child classes
[05May2026 18:53:38.721] [main/DEBUG] [mixin/]: bookshelf.mixins.json:patch.commands.MixinCommands from mod bookshelf->@Inject::registerCommands(Lnet/minecraft/commands/Commands$CommandSelection;Lnet/minecraft/commands/CommandBuildContext;Lorg/spongepowered/asm/mixin/injection/callback/CallbackInfo;)V won't be passed a CallbackInfo as a result
[05May2026 18:53:39.000] [main/WARN] [net.minecraft.commands.Commands/]: Ambiguity between arguments [teleport, location] and [teleport, destination] with inputs: [0.1 -0.5 .9, 0 0 0]
[05May2026 18:53:39.001] [main/WARN] [net.minecraft.commands.Commands/]: Ambiguity between arguments [teleport, location] and [teleport, targets] with inputs: [0.1 -0.5 .9, 0 0 0]
[05May2026 18:53:39.003] [main/WARN] [net.minecraft.commands.Commands/]: Ambiguity between arguments [teleport, destination] and [teleport, targets] with inputs: [Player, 0123, @e, dd12be42-52a9-4a91-a8a1-11c01849e498]
[05May2026 18:53:39.003] [main/WARN] [net.minecraft.commands.Commands/]: Ambiguity between arguments [teleport, targets] and [teleport, destination] with inputs: [Player, 0123, dd12be42-52a9-4a91-a8a1-11c01849e498]
[05May2026 18:53:39.004] [main/WARN] [net.minecraft.commands.Commands/]: Ambiguity between arguments [teleport, targets, location] and [teleport, targets, destination] with inputs: [0.1 -0.5 .9, 0 0 0]
[05May2026 18:53:39.006] [main/WARN] [net.minecraft.commands.Commands/]: Ambiguity between arguments [bookshelf, font, rename, target] and [bookshelf, font, rename, font] with inputs: [0123, dd12be42-52a9-4a91-a8a1-11c01849e498]
[05May2026 18:53:39.006] [main/WARN] [net.minecraft.commands.Commands/]: Ambiguity between arguments [bookshelf, enchant, enchantment] and [bookshelf, enchant, target] with inputs: [012, foo]
[05May2026 18:53:39.019] [Render thread/DEBUG] [mixin/]: Mixing AbstractContainerEventHandlerMixin from imblocker-neoforge.mixins.json into net.minecraft.client.gui.components.events.AbstractContainerEventHandler
[05May2026 18:53:39.023] [Render thread/DEBUG] [mixin/]: Mixing ChatScreenMixin from imblocker-neoforge.mixins.json into net.minecraft.client.gui.screens.ChatScreen
[05May2026 18:53:39.024] [Render thread/DEBUG] [mixin/]: imblocker-neoforge.mixins.json:ChatScreenMixin from mod imblocker->@Inject::initChatState(Lorg/spongepowered/asm/mixin/injection/callback/CallbackInfo;)V does use it's CallbackInfo
[05May2026 18:53:39.024] [Render thread/DEBUG] [mixin/]: imblocker-neoforge.mixins.json:ChatScreenMixin from mod imblocker->@Inject::updateChatState(Ljava/lang/String;Lorg/spongepowered/asm/mixin/injection/callback/CallbackInfo;)V doesn't use it's CallbackInfo
[05May2026 18:53:39.024] [Render thread/DEBUG] [mixin/]: imblocker-neoforge.mixins.json:ChatScreenMixin from mod imblocker->@Inject::updateChatState(Ljava/lang/String;Lorg/spongepowered/asm/mixin/injection/callback/CallbackInfo;)V has 0 override(s) in child classes
[05May2026 18:53:39.024] [Render thread/DEBUG] [mixin/]: imblocker-neoforge.mixins.json:ChatScreenMixin from mod imblocker->@Inject::updateChatState(Ljava/lang/String;Lorg/spongepowered/asm/mixin/injection/callback/CallbackInfo;)V won't be passed a CallbackInfo as a result
[05May2026 18:53:39.025] [Render thread/DEBUG] [mixin/]: imblocker-neoforge.mixins.json:ChatScreenMixin from mod imblocker->@Inject::removeChatState(Lorg/spongepowered/asm/mixin/injection/callback/CallbackInfo;)V doesn't use it's CallbackInfo
[05May2026 18:53:39.025] [Render thread/DEBUG] [mixin/]: imblocker-neoforge.mixins.json:ChatScreenMixin from mod imblocker->@Inject::removeChatState(Lorg/spongepowered/asm/mixin/injection/callback/CallbackInfo;)V has 0 override(s) in child classes
[05May2026 18:53:39.025] [Render thread/DEBUG] [mixin/]: imblocker-neoforge.mixins.json:ChatScreenMixin from mod imblocker->@Inject::removeChatState(Lorg/spongepowered/asm/mixin/injection/callback/CallbackInfo;)V won't be passed a CallbackInfo as a result
[05May2026 18:53:39.077] [Render thread/WARN] [net.minecraft.server.packs.VanillaPackResourcesBuilder/]: Assets URL 'union:/C:/Users/12501/MCreatorWorkspaces/mut/build/moddev/artifacts/neoforge-21.1.190.jar%23189!/assets/.mcassetsroot' uses unexpected schema
[05May2026 18:53:39.077] [Render thread/WARN] [net.minecraft.server.packs.VanillaPackResourcesBuilder/]: Assets URL 'union:/C:/Users/12501/MCreatorWorkspaces/mut/build/moddev/artifacts/neoforge-21.1.190.jar%23189!/data/.mcassetsroot' uses unexpected schema
[05May2026 18:53:39.092] [Render thread/INFO] [com.mojang.authlib.yggdrasil.YggdrasilAuthenticationService/]: Environment: Environment[sessionHost=https://sessionserver.mojang.com, servicesHost=https://api.minecraftservices.com, name=PROD]
[05May2026 18:53:39.095] [Render thread/INFO] [net.minecraft.client.Minecraft/]: Setting user: Dev
[05May2026 18:53:39.102] [Render thread/DEBUG] [mixin/]: Mixing access.client.gui.AccessorAbstractWidget from bookshelf.mixins.json into net.minecraft.client.gui.components.AbstractWidget
[05May2026 18:53:39.103] [Render thread/DEBUG] [mixin/]: bookshelf.mixins.json:access.client.gui.AccessorAbstractWidget from mod bookshelf: Class version 65 required is higher than the class version supported by the current version of Mixin (JAVA_18 supports class version 62)
[05May2026 18:53:39.103] [Render thread/DEBUG] [mixin/]: Renaming @Invoker method bookshelf$renderScrollingString(Lnet/minecraft/client/gui/GuiGraphics;Lnet/minecraft/client/gui/Font;Lnet/minecraft/network/chat/Component;IIIII)V to renderScrollingString$bookshelf_$md$ec8d8d$0 in bookshelf.mixins.json:access.client.gui.AccessorAbstractWidget from mod bookshelf
[05May2026 18:53:39.103] [Render thread/DEBUG] [mixin/]: Mixing AbstractWidgetMixin from imblocker-neoforge.mixins.json into net.minecraft.client.gui.components.AbstractWidget
[05May2026 18:53:39.105] [Render thread/DEBUG] [mixin/]: imblocker-neoforge.mixins.json:AbstractWidgetMixin from mod imblocker->@Inject::focusChanged(ZLorg/spongepowered/asm/mixin/injection/callback/CallbackInfo;)V doesn't use it's CallbackInfo
[05May2026 18:53:39.106] [Render thread/DEBUG] [mixin/]: imblocker-neoforge.mixins.json:AbstractWidgetMixin from mod imblocker->@Inject::focusChanged(ZLorg/spongepowered/asm/mixin/injection/callback/CallbackInfo;)V has 2 override(s) in child classes
[05May2026 18:53:39.106] [Render thread/DEBUG] [mixin/]: imblocker-neoforge.mixins.json:AbstractWidgetMixin from mod imblocker->@Inject::focusChanged(ZLorg/spongepowered/asm/mixin/injection/callback/CallbackInfo;)V won't be passed a CallbackInfo as a result
[05May2026 18:53:39.106] [Render thread/DEBUG] [mixin/]: imblocker-neoforge.mixins.json:AbstractWidgetMixin from mod imblocker->@Inject::updateLastRenderTime(Lorg/spongepowered/asm/mixin/injection/callback/CallbackInfoReturnable;)V doesn't use it's CallbackInfoReturnable
[05May2026 18:53:39.106] [Render thread/DEBUG] [mixin/]: imblocker-neoforge.mixins.json:AbstractWidgetMixin from mod imblocker->@Inject::updateLastRenderTime(Lorg/spongepowered/asm/mixin/injection/callback/CallbackInfoReturnable;)V has 1 override(s) in child classes
[05May2026 18:53:39.106] [Render thread/DEBUG] [mixin/]: imblocker-neoforge.mixins.json:AbstractWidgetMixin from mod imblocker->@Inject::updateLastRenderTime(Lorg/spongepowered/asm/mixin/injection/callback/CallbackInfoReturnable;)V won't be passed a CallbackInfoReturnable as a result
[05May2026 18:53:39.143] [Render thread/INFO] [net.minecraft.client.Minecraft/]: Backend library: LWJGL version 3.3.3+5
[05May2026 18:53:39.143] [Render thread/DEBUG] [mixin/]: Mixing WindowMixin from imblocker-neoforge.mixins.json into com.mojang.blaze3d.platform.Window
[05May2026 18:53:39.143] [Render thread/DEBUG] [mixin/]: Mixing WindowsFullScreenPatch from imblocker-neoforge.mixins.json into com.mojang.blaze3d.platform.Window
[05May2026 18:53:39.145] [Render thread/DEBUG] [mixin/]: imblocker-neoforge.mixins.json:WindowMixin from mod imblocker->@Inject::onScaleFactorChanged(DLorg/spongepowered/asm/mixin/injection/callback/CallbackInfo;)V doesn't use it's CallbackInfo
[05May2026 18:53:39.145] [Render thread/DEBUG] [mixin/]: imblocker-neoforge.mixins.json:WindowsFullScreenPatch from mod imblocker->@Inject::tweakFullScreenWindowStyle(Lorg/spongepowered/asm/mixin/injection/callback/CallbackInfo;)V doesn't use it's CallbackInfo
[05May2026 18:53:39.145] [Render thread/DEBUG] [mixin/]: imblocker-neoforge.mixins.json:WindowsFullScreenPatch from mod imblocker->@Inject::tweakFullScreenWindowStyle(Lorg/spongepowered/asm/mixin/injection/callback/CallbackInfo;)V doesn't use it's CallbackInfo
[05May2026 18:53:39.208] [Render thread/DEBUG] [mixin/]: Mixing UnlockIMEKeyListener from imblocker-neoforge.mixins.json into net.minecraft.client.KeyboardHandler
[05May2026 18:53:39.208] [Render thread/DEBUG] [mixin/]: Mixing KeyboardHandlerAccessor from imblocker-neoforge.mixins.json into net.minecraft.client.KeyboardHandler
[05May2026 18:53:39.210] [Render thread/DEBUG] [mixin/]: imblocker-neoforge.mixins.json:UnlockIMEKeyListener from mod imblocker->@Inject::onKeyInvoked(JIIIILorg/spongepowered/asm/mixin/injection/callback/CallbackInfo;)V doesn't use it's CallbackInfo
[05May2026 18:53:39.210] [Render thread/DEBUG] [mixin/]: imblocker-neoforge.mixins.json:UnlockIMEKeyListener from mod imblocker->@Inject::onKeyInvoked(JIIIILorg/spongepowered/asm/mixin/injection/callback/CallbackInfo;)V has 0 override(s) in child classes
[05May2026 18:53:39.210] [Render thread/DEBUG] [mixin/]: imblocker-neoforge.mixins.json:UnlockIMEKeyListener from mod imblocker->@Inject::onKeyInvoked(JIIIILorg/spongepowered/asm/mixin/injection/callback/CallbackInfo;)V won't be passed a CallbackInfo as a result
[05May2026 18:53:39.267] [Render thread/DEBUG] [net.neoforged.fml.ModWorkManager/LOADING]: Using 20 threads for parallel mod-loading
[05May2026 18:53:39.276] [Render thread/DEBUG] [net.neoforged.fml.javafmlmod.FMLModContainer/LOADING]: Creating FMLModContainer instance for [net.darkhax.pricklemc.neoforge.impl.NeoForgeMod]
[05May2026 18:53:39.277] [Render thread/DEBUG] [net.neoforged.fml.javafmlmod.FMLModContainer/LOADING]: Creating FMLModContainer instance for [net.darkhax.enchdesc.impl.NeoForgeMod]
[05May2026 18:53:39.277] [Render thread/DEBUG] [net.neoforged.fml.javafmlmod.FMLModContainer/LOADING]: Creating FMLModContainer instance for [net.darkhax.bookshelf.neoforge.impl.NeoForgeMod]
[05May2026 18:53:39.277] [Render thread/DEBUG] [net.neoforged.fml.javafmlmod.FMLModContainer/LOADING]: Creating FMLModContainer instance for [com.supermartijn642.configlib.ConfigLib]
[05May2026 18:53:39.279] [Render thread/DEBUG] [net.neoforged.fml.javafmlmod.FMLModContainer/LOADING]: Creating FMLModContainer instance for [com.supermartijn642.durabilitytooltip.DurabilityTooltip]
[05May2026 18:53:39.279] [Render thread/DEBUG] [net.neoforged.fml.javafmlmod.FMLModContainer/LOADING]: Creating FMLModContainer instance for [squeek.appleskin.AppleSkin]
[05May2026 18:53:39.279] [Render thread/DEBUG] [net.neoforged.fml.javafmlmod.FMLModContainer/LOADING]: Creating FMLModContainer instance for [io.github.reserveword.imblocker.IMBlocker]
[05May2026 18:53:39.280] [Render thread/DEBUG] [net.neoforged.fml.javafmlmod.FMLModContainer/LOADING]: Creating FMLModContainer instance for [net.neoforged.neoforge.common.NeoForgeMod, net.neoforged.neoforge.client.ClientNeoForgeMod]
[05May2026 18:53:39.282] [Render thread/DEBUG] [net.neoforged.fml.javafmlmod.FMLModContainer/LOADING]: Creating FMLModContainer instance for [net.mcreator.mut.MutMod]
[05May2026 18:53:39.283] [Render thread/DEBUG] [net.neoforged.fml.javafmlmod.FMLModContainer/LOADING]: Creating FMLModContainer instance for [mezz.jei.neoforge.JustEnoughItems]
[05May2026 18:53:39.290] [modloading-worker-0/DEBUG] [Prickle/]: Loaded net.darkhax.pricklemc.neoforge.impl.util.NeoForgePlatformHelper@41588f7 for service interface net.darkhax.pricklemc.common.api.util.IPlatformHelper.
[05May2026 18:53:39.290] [modloading-worker-0/DEBUG] [net.neoforged.fml.javafmlmod.AutomaticEventSubscriber/LOADING]: Attempting to inject @EventBusSubscriber classes into the eventbus for prickle
[05May2026 18:53:39.296] [modloading-worker-0/DEBUG] [Prickle/]: Loaded 1 entries for interface net.darkhax.pricklemc.common.api.config.property.IDefaultPropertyAdapters. net.darkhax.pricklemc.common.impl.config.property.MinecraftPropertyPlugin
[05May2026 18:53:39.296] [modloading-worker-0/DEBUG] [net.neoforged.fml.javafmlmod.AutomaticEventSubscriber/LOADING]: Attempting to inject @EventBusSubscriber classes into the eventbus for supermartijn642configlib
[05May2026 18:53:39.296] [modloading-worker-0/DEBUG] [net.neoforged.fml.javafmlmod.AutomaticEventSubscriber/LOADING]: Attempting to inject @EventBusSubscriber classes into the eventbus for bookshelf
[05May2026 18:53:39.297] [modloading-worker-0/WARN] [io.github.reserveword.imblocker.common.IMBlockerCore/]: [IMBlocker] Class com.simibubi.create.content.equipment.clipboard.ClipboardScreen not found, ignored.
[05May2026 18:53:39.297] [modloading-worker-0/WARN] [io.github.reserveword.imblocker.common.IMBlockerCore/]: [IMBlocker] Class net.mehvahdjukaar.supplementaries.client.screens.TextHolderEditScreen not found, ignored.
[05May2026 18:53:39.299] [modloading-worker-0/DEBUG] [net.neoforged.fml.config.ConfigTracker/CONFIG]: Config file jei-server.toml for jei tracking
[05May2026 18:53:39.299] [modloading-worker-0/DEBUG] [net.neoforged.fml.config.ConfigTracker/CONFIG]: Config file appleskin-client.toml for appleskin tracking
[05May2026 18:53:39.300] [modloading-worker-0/INFO] [io.github.reserveword.imblocker.common.IMBlockerCore/]: [IMBlocker] bakelist screenWhitelist result [class net.minecraft.client.gui.screens.inventory.BookEditScreen, class net.minecraft.client.gui.screens.inventory.AbstractSignEditScreen]
[05May2026 18:53:39.300] [modloading-worker-0/DEBUG] [net.neoforged.fml.javafmlmod.AutomaticEventSubscriber/LOADING]: Attempting to inject @EventBusSubscriber classes into the eventbus for imblocker
[05May2026 18:53:39.300] [modloading-worker-0/DEBUG] [net.neoforged.neoforge.internal.versions.neoforge.NeoForgeVersion/CORE]: Found NeoForge version 21.1.190
[05May2026 18:53:39.300] [modloading-worker-0/DEBUG] [net.neoforged.neoforge.internal.versions.neoforge.NeoForgeVersion/CORE]: Found FML version 4.0.41
[05May2026 18:53:39.300] [modloading-worker-0/INFO] [net.neoforged.neoforge.common.NeoForgeMod/NEOFORGE-MOD]: NeoForge mod loading, version 21.1.190, for MC 1.21.1
[05May2026 18:53:39.305] [modloading-worker-0/DEBUG] [net.neoforged.fml.javafmlmod.AutomaticEventSubscriber/LOADING]: Attempting to inject @EventBusSubscriber classes into the eventbus for appleskin
[05May2026 18:53:39.305] [modloading-worker-0/DEBUG] [net.neoforged.fml.javafmlmod.AutomaticEventSubscriber/LOADING]: Attempting to inject @EventBusSubscriber classes into the eventbus for durabilitytooltip
[05May2026 18:53:39.305] [modloading-worker-0/DEBUG] [net.neoforged.fml.javafmlmod.AutomaticEventSubscriber/LOADING]: Scanning class com.supermartijn642.durabilitytooltip.DurabilityTooltipClient for @SubscribeEvent-annotated methods
[05May2026 18:53:39.306] [modloading-worker-0/DEBUG] [net.neoforged.fml.config.ConfigTracker/CONFIG]: Config file neoforge-client.toml for neoforge tracking
[05May2026 18:53:39.306] [modloading-worker-0/DEBUG] [net.neoforged.fml.javafmlmod.AutomaticEventSubscriber/]: Subscribing @EventBusSubscriber class Lcom/supermartijn642/durabilitytooltip/DurabilityTooltipClient; to the game event bus
[05May2026 18:53:39.306] [modloading-worker-0/DEBUG] [net.neoforged.fml.config.ConfigTracker/CONFIG]: Config file neoforge-server.toml for neoforge tracking
[05May2026 18:53:39.306] [modloading-worker-0/DEBUG] [net.neoforged.fml.config.ConfigTracker/CONFIG]: Config file neoforge-common.toml for neoforge tracking
[05May2026 18:53:39.309] [modloading-worker-0/DEBUG] [mixin/]: Mixing patch.packs.MixinSimpleJsonResourceReloadListener from bookshelf.mixins.json into net.minecraft.server.packs.resources.SimpleJsonResourceReloadListener
[05May2026 18:53:39.309] [modloading-worker-0/DEBUG] [mixin/]: bookshelf.mixins.json:patch.packs.MixinSimpleJsonResourceReloadListener from mod bookshelf: Class version 65 required is higher than the class version supported by the current version of Mixin (JAVA_18 supports class version 62)
[05May2026 18:53:39.309] [modloading-worker-0/DEBUG] [mixin/]: Renaming synthetic method lambda$prepare$0(Ljava/util/Map$Entry;)Z to mdec8d8d$bookshelf$lambda$prepare$0$0 in bookshelf.mixins.json:patch.packs.MixinSimpleJsonResourceReloadListener from mod bookshelf
[05May2026 18:53:39.311] [modloading-worker-0/DEBUG] [mixin/]: bookshelf.mixins.json:patch.packs.MixinSimpleJsonResourceReloadListener from mod bookshelf->@Inject::prepare(Lnet/minecraft/server/packs/resources/ResourceManager;Lnet/minecraft/util/profiling/ProfilerFiller;Lorg/spongepowered/asm/mixin/injection/callback/CallbackInfoReturnable;)V does use it's CallbackInfoReturnable
[05May2026 18:53:39.313] [modloading-worker-0/DEBUG] [net.neoforged.fml.javafmlmod.AutomaticEventSubscriber/LOADING]: Attempting to inject @EventBusSubscriber classes into the eventbus for enchdesc
[05May2026 18:53:39.315] [modloading-worker-0/DEBUG] [mezz.jei.common.platform.Services/]: Loaded mezz.jei.neoforge.platform.PlatformHelper@2ae4e76a for service interface mezz.jei.common.platform.IPlatformHelper
[05May2026 18:53:39.319] [modloading-worker-0/DEBUG] [mezz.jei.common.config.file.ConfigSerializer/]: Loading config file: C:\Users\12501\MCreatorWorkspaces\mut\run\config\jei\jei-debug.ini
[05May2026 18:53:39.320] [modloading-worker-0/DEBUG] [mezz.jei.common.config.file.ConfigSchema/]: Localization has not loaded yet, waiting to save the config file until JEI starts.
[05May2026 18:53:39.322] [modloading-worker-0/DEBUG] [mezz.jei.common.config.file.ConfigSerializer/]: Loading config file: C:\Users\12501\MCreatorWorkspaces\mut\run\config\jei\jei-mod-id-format.ini
[05May2026 18:53:39.322] [modloading-worker-0/DEBUG] [mezz.jei.common.config.file.ConfigSchema/]: Localization has not loaded yet, waiting to save the config file until JEI starts.
[05May2026 18:53:39.323] [modloading-worker-0/DEBUG] [mezz.jei.common.config.file.ConfigSerializer/]: Loading config file: C:\Users\12501\MCreatorWorkspaces\mut\run\config\jei\jei-colors.ini
[05May2026 18:53:39.323] [modloading-worker-0/DEBUG] [mezz.jei.common.config.file.ConfigSchema/]: Localization has not loaded yet, waiting to save the config file until JEI starts.
[05May2026 18:53:39.326] [modloading-worker-0/DEBUG] [net.neoforged.fml.javafmlmod.AutomaticEventSubscriber/LOADING]: Attempting to inject @EventBusSubscriber classes into the eventbus for neoforge
[05May2026 18:53:39.326] [modloading-worker-0/DEBUG] [net.neoforged.fml.javafmlmod.AutomaticEventSubscriber/LOADING]: Scanning class net.neoforged.neoforge.server.command.ConfigCommand for @SubscribeEvent-annotated methods
[05May2026 18:53:39.327] [modloading-worker-0/DEBUG] [net.neoforged.fml.javafmlmod.AutomaticEventSubscriber/]: Subscribing @EventBusSubscriber class Lnet/neoforged/neoforge/server/command/ConfigCommand; to the game event bus
[05May2026 18:53:39.327] [modloading-worker-0/DEBUG] [net.neoforged.fml.javafmlmod.AutomaticEventSubscriber/LOADING]: Scanning class net.neoforged.neoforge.network.filters.GenericPacketSplitter for @SubscribeEvent-annotated methods
[05May2026 18:53:39.327] [modloading-worker-0/DEBUG] [mezz.jei.common.config.file.ConfigSerializer/]: Loading config file: C:\Users\12501\MCreatorWorkspaces\mut\run\config\jei\jei-client.ini
[05May2026 18:53:39.328] [modloading-worker-0/DEBUG] [mezz.jei.common.config.file.ConfigSchema/]: Localization has not loaded yet, waiting to save the config file until JEI starts.
[05May2026 18:53:39.329] [modloading-worker-0/INFO] [mezz.jei.library.load.PluginCaller/]: Sending ConfigManager...
[05May2026 18:53:39.330] [modloading-worker-0/DEBUG] [mezz.jei.library.load.PluginCallerTimerRunnable/]: Sending ConfigManager: jei:minecraft...
[05May2026 18:53:39.330] [modloading-worker-0/DEBUG] [mezz.jei.library.load.PluginCallerTimerRunnable/]: Sending ConfigManager: jei:neoforge_gui...
[05May2026 18:53:39.330] [modloading-worker-0/DEBUG] [mezz.jei.library.load.PluginCallerTimerRunnable/]: Sending ConfigManager: jei:debug...
[05May2026 18:53:39.330] [modloading-worker-0/DEBUG] [mezz.jei.library.load.PluginCallerTimerRunnable/]: Sending ConfigManager: jei:gui...
[05May2026 18:53:39.330] [modloading-worker-0/DEBUG] [mezz.jei.library.load.PluginCallerTimerRunnable/]: Sending ConfigManager: jei:internal...
[05May2026 18:53:39.330] [modloading-worker-0/INFO] [mezz.jei.library.load.PluginCaller/]: Sending ConfigManager took 622.1 microseconds
[05May2026 18:53:39.332] [modloading-worker-0/DEBUG] [net.neoforged.fml.javafmlmod.AutomaticEventSubscriber/LOADING]: Attempting to inject @EventBusSubscriber classes into the eventbus for jei
[05May2026 18:53:39.336] [modloading-worker-0/DEBUG] [io.netty.buffer.AbstractByteBuf/]: -Dio.netty.buffer.checkAccessible: true
[05May2026 18:53:39.336] [modloading-worker-0/DEBUG] [io.netty.buffer.AbstractByteBuf/]: -Dio.netty.buffer.checkBounds: true
[05May2026 18:53:39.336] [modloading-worker-0/DEBUG] [io.netty.util.ResourceLeakDetectorFactory/]: Loaded default ResourceLeakDetector: io.netty.util.ResourceLeakDetector@5d4d991a
[05May2026 18:53:39.340] [modloading-worker-0/DEBUG] [io.netty.util.internal.InternalThreadLocalMap/]: -Dio.netty.threadLocalMap.stringBuilder.initialSize: 1024
[05May2026 18:53:39.341] [modloading-worker-0/DEBUG] [io.netty.util.internal.InternalThreadLocalMap/]: -Dio.netty.threadLocalMap.stringBuilder.maxSize: 4096
[05May2026 18:53:39.341] [modloading-worker-0/DEBUG] [io.netty.buffer.PooledByteBufAllocator/]: -Dio.netty.allocator.numHeapArenas: 40
[05May2026 18:53:39.342] [modloading-worker-0/DEBUG] [io.netty.buffer.PooledByteBufAllocator/]: -Dio.netty.allocator.numDirectArenas: 40
[05May2026 18:53:39.342] [modloading-worker-0/DEBUG] [io.netty.buffer.PooledByteBufAllocator/]: -Dio.netty.allocator.pageSize: 8192
[05May2026 18:53:39.342] [modloading-worker-0/DEBUG] [io.netty.buffer.PooledByteBufAllocator/]: -Dio.netty.allocator.maxOrder: 9
[05May2026 18:53:39.342] [modloading-worker-0/DEBUG] [io.netty.buffer.PooledByteBufAllocator/]: -Dio.netty.allocator.chunkSize: 4194304
[05May2026 18:53:39.342] [modloading-worker-0/DEBUG] [io.netty.buffer.PooledByteBufAllocator/]: -Dio.netty.allocator.smallCacheSize: 256
[05May2026 18:53:39.342] [modloading-worker-0/DEBUG] [io.netty.buffer.PooledByteBufAllocator/]: -Dio.netty.allocator.normalCacheSize: 64
[05May2026 18:53:39.342] [modloading-worker-0/DEBUG] [io.netty.buffer.PooledByteBufAllocator/]: -Dio.netty.allocator.maxCachedBufferCapacity: 32768
[05May2026 18:53:39.342] [modloading-worker-0/DEBUG] [io.netty.buffer.PooledByteBufAllocator/]: -Dio.netty.allocator.cacheTrimInterval: 8192
[05May2026 18:53:39.342] [modloading-worker-0/DEBUG] [io.netty.buffer.PooledByteBufAllocator/]: -Dio.netty.allocator.cacheTrimIntervalMillis: 0
[05May2026 18:53:39.342] [modloading-worker-0/DEBUG] [io.netty.buffer.PooledByteBufAllocator/]: -Dio.netty.allocator.useCacheForAllThreads: false
[05May2026 18:53:39.342] [modloading-worker-0/DEBUG] [io.netty.buffer.PooledByteBufAllocator/]: -Dio.netty.allocator.maxCachedByteBuffersPerChunk: 1023
[05May2026 18:53:39.345] [modloading-worker-0/DEBUG] [io.netty.buffer.ByteBufUtil/]: -Dio.netty.allocator.type: pooled
[05May2026 18:53:39.345] [modloading-worker-0/DEBUG] [io.netty.buffer.ByteBufUtil/]: -Dio.netty.threadLocalDirectBufferSize: 0
[05May2026 18:53:39.345] [modloading-worker-0/DEBUG] [io.netty.buffer.ByteBufUtil/]: -Dio.netty.maxThreadLocalCharBufferSize: 16384
[05May2026 18:53:39.349] [modloading-worker-0/DEBUG] [net.neoforged.fml.javafmlmod.AutomaticEventSubscriber/]: Subscribing @EventBusSubscriber class Lnet/neoforged/neoforge/network/filters/GenericPacketSplitter; to the mod event bus of mod neoforge
[05May2026 18:53:39.350] [modloading-worker-0/DEBUG] [net.neoforged.fml.javafmlmod.AutomaticEventSubscriber/LOADING]: Scanning class net.neoforged.neoforge.network.NetworkInitialization for @SubscribeEvent-annotated methods
[05May2026 18:53:39.350] [modloading-worker-0/DEBUG] [net.neoforged.fml.javafmlmod.AutomaticEventSubscriber/]: Subscribing @EventBusSubscriber class Lnet/neoforged/neoforge/network/NetworkInitialization; to the mod event bus of mod neoforge
[05May2026 18:53:39.351] [modloading-worker-0/DEBUG] [net.neoforged.fml.javafmlmod.AutomaticEventSubscriber/LOADING]: Scanning class net.neoforged.neoforge.network.ConfigurationInitialization for @SubscribeEvent-annotated methods
[05May2026 18:53:39.352] [modloading-worker-0/DEBUG] [net.neoforged.fml.javafmlmod.AutomaticEventSubscriber/]: Subscribing @EventBusSubscriber class Lnet/neoforged/neoforge/network/ConfigurationInitialization; to the mod event bus of mod neoforge
[05May2026 18:53:39.352] [modloading-worker-0/DEBUG] [net.neoforged.fml.javafmlmod.AutomaticEventSubscriber/LOADING]: Scanning class net.neoforged.neoforge.common.MonsterRoomHooks for @SubscribeEvent-annotated methods
[05May2026 18:53:39.352] [modloading-worker-0/DEBUG] [net.neoforged.fml.javafmlmod.AutomaticEventSubscriber/]: Subscribing @EventBusSubscriber class Lnet/neoforged/neoforge/common/MonsterRoomHooks; to the game event bus
[05May2026 18:53:39.352] [modloading-worker-0/DEBUG] [net.neoforged.fml.javafmlmod.AutomaticEventSubscriber/LOADING]: Scanning class net.neoforged.neoforge.common.DeferredSpawnEggItem$CommonHandler for @SubscribeEvent-annotated methods
[05May2026 18:53:39.352] [modloading-worker-0/DEBUG] [net.neoforged.fml.javafmlmod.AutomaticEventSubscriber/]: Subscribing @EventBusSubscriber class Lnet/neoforged/neoforge/common/DeferredSpawnEggItem$CommonHandler; to the mod event bus of mod neoforge
[05May2026 18:53:39.352] [modloading-worker-0/DEBUG] [net.neoforged.fml.javafmlmod.AutomaticEventSubscriber/LOADING]: Scanning class net.neoforged.neoforge.common.DeferredSpawnEggItem$ColorRegisterHandler for @SubscribeEvent-annotated methods
[05May2026 18:53:39.352] [modloading-worker-0/DEBUG] [net.neoforged.fml.javafmlmod.AutomaticEventSubscriber/]: Subscribing @EventBusSubscriber class Lnet/neoforged/neoforge/common/DeferredSpawnEggItem$ColorRegisterHandler; to the mod event bus of mod neoforge
[05May2026 18:53:39.353] [modloading-worker-0/DEBUG] [net.neoforged.fml.javafmlmod.AutomaticEventSubscriber/LOADING]: Scanning class net.neoforged.neoforge.client.model.data.ModelDataManager for @SubscribeEvent-annotated methods
[05May2026 18:53:39.353] [modloading-worker-0/DEBUG] [net.neoforged.fml.javafmlmod.AutomaticEventSubscriber/]: Subscribing @EventBusSubscriber class Lnet/neoforged/neoforge/client/model/data/ModelDataManager; to the game event bus
[05May2026 18:53:39.354] [modloading-worker-0/DEBUG] [net.neoforged.fml.javafmlmod.AutomaticEventSubscriber/LOADING]: Scanning class net.neoforged.neoforge.client.ParticleBoundsDebugRenderer for @SubscribeEvent-annotated methods
[05May2026 18:53:39.355] [modloading-worker-0/DEBUG] [net.neoforged.fml.javafmlmod.AutomaticEventSubscriber/]: Subscribing @EventBusSubscriber class Lnet/neoforged/neoforge/client/ParticleBoundsDebugRenderer; to the game event bus
[05May2026 18:53:39.355] [modloading-worker-0/DEBUG] [net.neoforged.fml.javafmlmod.AutomaticEventSubscriber/LOADING]: Scanning class net.neoforged.neoforge.client.ClientHooks$ClientEvents for @SubscribeEvent-annotated methods
[05May2026 18:53:39.356] [modloading-worker-0/DEBUG] [net.neoforged.fml.javafmlmod.AutomaticEventSubscriber/]: Subscribing @EventBusSubscriber class Lnet/neoforged/neoforge/client/ClientHooks$ClientEvents; to the mod event bus of mod neoforge
[05May2026 18:53:39.356] [modloading-worker-0/DEBUG] [net.neoforged.fml.javafmlmod.AutomaticEventSubscriber/LOADING]: Scanning class net.neoforged.neoforge.client.BlockEntityRenderBoundsDebugRenderer for @SubscribeEvent-annotated methods
[05May2026 18:53:39.356] [modloading-worker-0/DEBUG] [net.neoforged.fml.javafmlmod.AutomaticEventSubscriber/]: Subscribing @EventBusSubscriber class Lnet/neoforged/neoforge/client/BlockEntityRenderBoundsDebugRenderer; to the game event bus
[05May2026 18:53:39.356] [modloading-worker-0/DEBUG] [net.neoforged.fml.javafmlmod.AutomaticEventSubscriber/LOADING]: Scanning class net.neoforged.neoforge.attachment.AttachmentInternals for @SubscribeEvent-annotated methods
[05May2026 18:53:39.358] [modloading-worker-0/DEBUG] [net.neoforged.fml.javafmlmod.AutomaticEventSubscriber/]: Subscribing @EventBusSubscriber class Lnet/neoforged/neoforge/attachment/AttachmentInternals; to the game event bus
[05May2026 18:53:39.502] [modloading-worker-0/DEBUG] [net.neoforged.fml.javafmlmod.AutomaticEventSubscriber/LOADING]: Attempting to inject @EventBusSubscriber classes into the eventbus for mut
[05May2026 18:53:39.502] [modloading-worker-0/DEBUG] [net.neoforged.fml.javafmlmod.AutomaticEventSubscriber/LOADING]: Scanning class net.mcreator.mut.client.MutBowPull for @SubscribeEvent-annotated methods
[05May2026 18:53:39.503] [modloading-worker-0/DEBUG] [net.neoforged.fml.javafmlmod.AutomaticEventSubscriber/]: Subscribing @EventBusSubscriber class Lnet/mcreator/mut/client/MutBowPull; to the mod event bus of mod mut
[05May2026 18:53:39.503] [modloading-worker-0/DEBUG] [net.neoforged.fml.javafmlmod.AutomaticEventSubscriber/LOADING]: Scanning class net.mcreator.mut.client.MutClient for @SubscribeEvent-annotated methods
[05May2026 18:53:39.505] [modloading-worker-0/DEBUG] [net.neoforged.fml.javafmlmod.AutomaticEventSubscriber/]: Subscribing @EventBusSubscriber class Lnet/mcreator/mut/client/MutClient; to the mod event bus of mod mut
[05May2026 18:53:39.505] [modloading-worker-0/DEBUG] [net.neoforged.fml.javafmlmod.AutomaticEventSubscriber/LOADING]: Scanning class net.mcreator.mut.client.MutCorssBowPull for @SubscribeEvent-annotated methods
[05May2026 18:53:39.508] [modloading-worker-0/DEBUG] [net.neoforged.fml.javafmlmod.AutomaticEventSubscriber/]: Subscribing @EventBusSubscriber class Lnet/mcreator/mut/client/MutCorssBowPull; to the mod event bus of mod mut
[05May2026 18:53:39.508] [modloading-worker-0/DEBUG] [net.neoforged.fml.javafmlmod.AutomaticEventSubscriber/LOADING]: Scanning class net.mcreator.mut.datagen.MutDataGenerator for @SubscribeEvent-annotated methods
[05May2026 18:53:39.509] [modloading-worker-0/DEBUG] [net.neoforged.fml.javafmlmod.AutomaticEventSubscriber/]: Subscribing @EventBusSubscriber class Lnet/mcreator/mut/datagen/MutDataGenerator; to the mod event bus of mod mut
[05May2026 18:53:39.509] [modloading-worker-0/DEBUG] [net.neoforged.fml.javafmlmod.AutomaticEventSubscriber/LOADING]: Scanning class net.mcreator.mut.init.MutCreativeTab for @SubscribeEvent-annotated methods
[05May2026 18:53:39.509] [modloading-worker-0/DEBUG] [net.neoforged.fml.javafmlmod.AutomaticEventSubscriber/]: Subscribing @EventBusSubscriber class Lnet/mcreator/mut/init/MutCreativeTab; to the mod event bus of mod mut
[05May2026 18:53:39.509] [modloading-worker-0/DEBUG] [net.neoforged.fml.javafmlmod.AutomaticEventSubscriber/LOADING]: Scanning class net.mcreator.mut.init.MutModBlockEntities for @SubscribeEvent-annotated methods
[05May2026 18:53:39.510] [modloading-worker-0/DEBUG] [net.neoforged.fml.javafmlmod.AutomaticEventSubscriber/]: Subscribing @EventBusSubscriber class Lnet/mcreator/mut/init/MutModBlockEntities; to the mod event bus of mod mut
[05May2026 18:53:39.510] [modloading-worker-0/DEBUG] [net.neoforged.fml.javafmlmod.AutomaticEventSubscriber/LOADING]: Scanning class net.mcreator.mut.init.MutModItems$ItemsClientSideHandler for @SubscribeEvent-annotated methods
[05May2026 18:53:39.510] [modloading-worker-0/DEBUG] [net.neoforged.fml.javafmlmod.AutomaticEventSubscriber/]: Subscribing @EventBusSubscriber class Lnet/mcreator/mut/init/MutModItems$ItemsClientSideHandler; to the mod event bus of mod mut
[05May2026 18:53:39.510] [modloading-worker-0/DEBUG] [net.neoforged.fml.javafmlmod.AutomaticEventSubscriber/LOADING]: Scanning class net.mcreator.mut.init.MutModModels for @SubscribeEvent-annotated methods
[05May2026 18:53:39.511] [modloading-worker-0/DEBUG] [net.neoforged.fml.javafmlmod.AutomaticEventSubscriber/]: Subscribing @EventBusSubscriber class Lnet/mcreator/mut/init/MutModModels; to the mod event bus of mod mut
[05May2026 18:53:39.511] [modloading-worker-0/DEBUG] [net.neoforged.fml.javafmlmod.AutomaticEventSubscriber/LOADING]: Scanning class net.mcreator.mut.init.MutModTrades for @SubscribeEvent-annotated methods
[05May2026 18:53:39.511] [modloading-worker-0/DEBUG] [net.neoforged.fml.javafmlmod.AutomaticEventSubscriber/]: Subscribing @EventBusSubscriber class Lnet/mcreator/mut/init/MutModTrades; to the game event bus
[05May2026 18:53:39.512] [modloading-worker-0/DEBUG] [net.neoforged.fml.javafmlmod.AutomaticEventSubscriber/LOADING]: Scanning class net.mcreator.mut.init.MutModVillagerProfessions for @SubscribeEvent-annotated methods
[05May2026 18:53:39.512] [modloading-worker-0/DEBUG] [net.neoforged.fml.javafmlmod.AutomaticEventSubscriber/]: Subscribing @EventBusSubscriber class Lnet/mcreator/mut/init/MutModVillagerProfessions; to the mod event bus of mod mut
[05May2026 18:53:39.512] [modloading-worker-0/DEBUG] [net.neoforged.fml.javafmlmod.AutomaticEventSubscriber/LOADING]: Scanning class net.mcreator.mut.item.AdvancedSteelItem for @SubscribeEvent-annotated methods
[05May2026 18:53:39.512] [modloading-worker-0/DEBUG] [net.neoforged.fml.javafmlmod.AutomaticEventSubscriber/]: Subscribing @EventBusSubscriber class Lnet/mcreator/mut/item/AdvancedSteelItem; to the mod event bus of mod mut
[05May2026 18:53:39.513] [modloading-worker-0/DEBUG] [net.neoforged.fml.javafmlmod.AutomaticEventSubscriber/LOADING]: Scanning class net.mcreator.mut.item.BlueDiamondItem for @SubscribeEvent-annotated methods
[05May2026 18:53:39.514] [modloading-worker-0/DEBUG] [net.neoforged.fml.javafmlmod.AutomaticEventSubscriber/]: Subscribing @EventBusSubscriber class Lnet/mcreator/mut/item/BlueDiamondItem; to the mod event bus of mod mut
[05May2026 18:53:39.514] [modloading-worker-0/DEBUG] [net.neoforged.fml.javafmlmod.AutomaticEventSubscriber/LOADING]: Scanning class net.mcreator.mut.item.CopperItem for @SubscribeEvent-annotated methods
[05May2026 18:53:39.514] [modloading-worker-0/DEBUG] [net.neoforged.fml.javafmlmod.AutomaticEventSubscriber/]: Subscribing @EventBusSubscriber class Lnet/mcreator/mut/item/CopperItem; to the mod event bus of mod mut
[05May2026 18:53:39.514] [modloading-worker-0/DEBUG] [net.neoforged.fml.javafmlmod.AutomaticEventSubscriber/LOADING]: Scanning class net.mcreator.mut.item.CryingObsidianItem for @SubscribeEvent-annotated methods
[05May2026 18:53:39.514] [modloading-worker-0/DEBUG] [net.neoforged.fml.javafmlmod.AutomaticEventSubscriber/]: Subscribing @EventBusSubscriber class Lnet/mcreator/mut/item/CryingObsidianItem; to the mod event bus of mod mut
[05May2026 18:53:39.514] [modloading-worker-0/DEBUG] [net.neoforged.fml.javafmlmod.AutomaticEventSubscriber/LOADING]: Scanning class net.mcreator.mut.item.DiamondChainItem for @SubscribeEvent-annotated methods
[05May2026 18:53:39.514] [modloading-worker-0/DEBUG] [net.neoforged.fml.javafmlmod.AutomaticEventSubscriber/]: Subscribing @EventBusSubscriber class Lnet/mcreator/mut/item/DiamondChainItem; to the mod event bus of mod mut
[05May2026 18:53:39.514] [modloading-worker-0/DEBUG] [net.neoforged.fml.javafmlmod.AutomaticEventSubscriber/LOADING]: Scanning class net.mcreator.mut.item.DragonItem for @SubscribeEvent-annotated methods
[05May2026 18:53:39.514] [modloading-worker-0/DEBUG] [net.neoforged.fml.javafmlmod.AutomaticEventSubscriber/]: Subscribing @EventBusSubscriber class Lnet/mcreator/mut/item/DragonItem; to the mod event bus of mod mut
[05May2026 18:53:39.514] [modloading-worker-0/DEBUG] [net.neoforged.fml.javafmlmod.AutomaticEventSubscriber/LOADING]: Scanning class net.mcreator.mut.item.EmeraldArmorItem for @SubscribeEvent-annotated methods
[05May2026 18:53:39.514] [modloading-worker-0/DEBUG] [net.neoforged.fml.javafmlmod.AutomaticEventSubscriber/]: Subscribing @EventBusSubscriber class Lnet/mcreator/mut/item/EmeraldArmorItem; to the mod event bus of mod mut
[05May2026 18:53:39.514] [modloading-worker-0/DEBUG] [net.neoforged.fml.javafmlmod.AutomaticEventSubscriber/LOADING]: Scanning class net.mcreator.mut.item.GildingItem for @SubscribeEvent-annotated methods
[05May2026 18:53:39.514] [modloading-worker-0/DEBUG] [net.neoforged.fml.javafmlmod.AutomaticEventSubscriber/]: Subscribing @EventBusSubscriber class Lnet/mcreator/mut/item/GildingItem; to the mod event bus of mod mut
[05May2026 18:53:39.516] [modloading-worker-0/DEBUG] [net.neoforged.fml.javafmlmod.AutomaticEventSubscriber/LOADING]: Scanning class net.mcreator.mut.item.GoldenChainItem for @SubscribeEvent-annotated methods
[05May2026 18:53:39.516] [modloading-worker-0/DEBUG] [net.neoforged.fml.javafmlmod.AutomaticEventSubscriber/]: Subscribing @EventBusSubscriber class Lnet/mcreator/mut/item/GoldenChainItem; to the mod event bus of mod mut
[05May2026 18:53:39.516] [modloading-worker-0/DEBUG] [net.neoforged.fml.javafmlmod.AutomaticEventSubscriber/LOADING]: Scanning class net.mcreator.mut.item.NetheriteChainItem for @SubscribeEvent-annotated methods
[05May2026 18:53:39.516] [modloading-worker-0/DEBUG] [net.neoforged.fml.javafmlmod.AutomaticEventSubscriber/]: Subscribing @EventBusSubscriber class Lnet/mcreator/mut/item/NetheriteChainItem; to the mod event bus of mod mut
[05May2026 18:53:39.516] [modloading-worker-0/DEBUG] [net.neoforged.fml.javafmlmod.AutomaticEventSubscriber/LOADING]: Scanning class net.mcreator.mut.item.NetheriteCopperItem for @SubscribeEvent-annotated methods
[05May2026 18:53:39.516] [modloading-worker-0/DEBUG] [net.neoforged.fml.javafmlmod.AutomaticEventSubscriber/]: Subscribing @EventBusSubscriber class Lnet/mcreator/mut/item/NetheriteCopperItem; to the mod event bus of mod mut
[05May2026 18:53:39.516] [modloading-worker-0/DEBUG] [net.neoforged.fml.javafmlmod.AutomaticEventSubscriber/LOADING]: Scanning class net.mcreator.mut.item.NetheriteEmeraldItem for @SubscribeEvent-annotated methods
[05May2026 18:53:39.516] [modloading-worker-0/DEBUG] [net.neoforged.fml.javafmlmod.AutomaticEventSubscriber/]: Subscribing @EventBusSubscriber class Lnet/mcreator/mut/item/NetheriteEmeraldItem; to the mod event bus of mod mut
[05May2026 18:53:39.516] [modloading-worker-0/DEBUG] [net.neoforged.fml.javafmlmod.AutomaticEventSubscriber/LOADING]: Scanning class net.mcreator.mut.item.NetheriteObsidianItem for @SubscribeEvent-annotated methods
[05May2026 18:53:39.516] [modloading-worker-0/DEBUG] [net.neoforged.fml.javafmlmod.AutomaticEventSubscriber/]: Subscribing @EventBusSubscriber class Lnet/mcreator/mut/item/NetheriteObsidianItem; to the mod event bus of mod mut
[05May2026 18:53:39.516] [modloading-worker-0/DEBUG] [net.neoforged.fml.javafmlmod.AutomaticEventSubscriber/LOADING]: Scanning class net.mcreator.mut.item.NetheriteRedstoneItem for @SubscribeEvent-annotated methods
[05May2026 18:53:39.516] [modloading-worker-0/DEBUG] [net.neoforged.fml.javafmlmod.AutomaticEventSubscriber/]: Subscribing @EventBusSubscriber class Lnet/mcreator/mut/item/NetheriteRedstoneItem; to the mod event bus of mod mut
[05May2026 18:53:39.516] [modloading-worker-0/DEBUG] [net.neoforged.fml.javafmlmod.AutomaticEventSubscriber/LOADING]: Scanning class net.mcreator.mut.item.NetherStarItem for @SubscribeEvent-annotated methods
[05May2026 18:53:39.516] [modloading-worker-0/DEBUG] [net.neoforged.fml.javafmlmod.AutomaticEventSubscriber/]: Subscribing @EventBusSubscriber class Lnet/mcreator/mut/item/NetherStarItem; to the mod event bus of mod mut
[05May2026 18:53:39.516] [modloading-worker-0/DEBUG] [net.neoforged.fml.javafmlmod.AutomaticEventSubscriber/LOADING]: Scanning class net.mcreator.mut.item.ObsidianItem for @SubscribeEvent-annotated methods
[05May2026 18:53:39.516] [modloading-worker-0/DEBUG] [net.neoforged.fml.javafmlmod.AutomaticEventSubscriber/]: Subscribing @EventBusSubscriber class Lnet/mcreator/mut/item/ObsidianItem; to the mod event bus of mod mut
[05May2026 18:53:39.516] [modloading-worker-0/DEBUG] [net.neoforged.fml.javafmlmod.AutomaticEventSubscriber/LOADING]: Scanning class net.mcreator.mut.item.SteelItem for @SubscribeEvent-annotated methods
[05May2026 18:53:39.516] [modloading-worker-0/DEBUG] [net.neoforged.fml.javafmlmod.AutomaticEventSubscriber/]: Subscribing @EventBusSubscriber class Lnet/mcreator/mut/item/SteelItem; to the mod event bus of mod mut
[05May2026 18:53:39.516] [modloading-worker-0/DEBUG] [net.neoforged.fml.javafmlmod.AutomaticEventSubscriber/LOADING]: Scanning class net.mcreator.mut.procedures.GourmetFeastUseProcedure for @SubscribeEvent-annotated methods
[05May2026 18:53:39.517] [modloading-worker-0/DEBUG] [net.neoforged.fml.javafmlmod.AutomaticEventSubscriber/]: Subscribing @EventBusSubscriber class Lnet/mcreator/mut/procedures/GourmetFeastUseProcedure; to the game event bus
[05May2026 18:53:39.517] [modloading-worker-0/DEBUG] [net.neoforged.fml.javafmlmod.AutomaticEventSubscriber/LOADING]: Scanning class net.mcreator.mut.procedures.TooltipFoodEnchantmentProcedure for @SubscribeEvent-annotated methods
[05May2026 18:53:39.518] [modloading-worker-0/DEBUG] [net.neoforged.fml.javafmlmod.AutomaticEventSubscriber/]: Subscribing @EventBusSubscriber class Lnet/mcreator/mut/procedures/TooltipFoodEnchantmentProcedure; to the game event bus
[05May2026 18:53:39.635] [modloading-sync-worker/DEBUG] [net.neoforged.fml.config.ConfigTracker/CONFIG]: Loading configs type CLIENT
[05May2026 18:53:39.641] [modloading-sync-worker/DEBUG] [net.neoforged.fml.config.ConfigTracker/CONFIG]: Loaded TOML config file C:\Users\12501\MCreatorWorkspaces\mut\run\config\appleskin-client.toml
[05May2026 18:53:39.643] [modloading-sync-worker/DEBUG] [net.neoforged.fml.config.ConfigTracker/CONFIG]: Watching TOML config file C:\Users\12501\MCreatorWorkspaces\mut\run\config\appleskin-client.toml for changes
[05May2026 18:53:39.644] [modloading-sync-worker/DEBUG] [net.neoforged.neoforge.common.NeoForgeConfig/FORGEMOD]: Loaded NeoForge config file neoforge-client.toml
[05May2026 18:53:39.644] [modloading-sync-worker/DEBUG] [net.neoforged.fml.config.ConfigTracker/CONFIG]: Loaded TOML config file C:\Users\12501\MCreatorWorkspaces\mut\run\config\neoforge-client.toml
[05May2026 18:53:39.644] [modloading-sync-worker/DEBUG] [net.neoforged.fml.config.ConfigTracker/CONFIG]: Watching TOML config file C:\Users\12501\MCreatorWorkspaces\mut\run\config\neoforge-client.toml for changes
[05May2026 18:53:39.644] [modloading-sync-worker/DEBUG] [net.neoforged.fml.config.ConfigTracker/CONFIG]: Loading configs type COMMON
[05May2026 18:53:39.645] [modloading-sync-worker/DEBUG] [net.neoforged.neoforge.common.NeoForgeConfig/FORGEMOD]: Loaded NeoForge config file neoforge-common.toml
[05May2026 18:53:39.645] [modloading-sync-worker/DEBUG] [net.neoforged.fml.config.ConfigTracker/CONFIG]: Loaded TOML config file C:\Users\12501\MCreatorWorkspaces\mut\run\config\neoforge-common.toml
[05May2026 18:53:39.645] [modloading-sync-worker/DEBUG] [net.neoforged.fml.config.ConfigTracker/CONFIG]: Watching TOML config file C:\Users\12501\MCreatorWorkspaces\mut\run\config\neoforge-common.toml for changes
[05May2026 18:53:39.663] [Render thread/DEBUG] [mixin/]: Mixing patch.locale.MixinClientLanguage from bookshelf.mixins.json into net.minecraft.client.resources.language.ClientLanguage
[05May2026 18:53:39.663] [Render thread/DEBUG] [mixin/]: bookshelf.mixins.json:patch.locale.MixinClientLanguage from mod bookshelf: Class version 65 required is higher than the class version supported by the current version of Mixin (JAVA_18 supports class version 62)
[05May2026 18:53:39.664] [Render thread/DEBUG] [mixin/]: bookshelf.mixins.json:patch.locale.MixinClientLanguage from mod bookshelf->@Inject::getOrDefault(Ljava/lang/String;Ljava/lang/String;Lorg/spongepowered/asm/mixin/injection/callback/CallbackInfoReturnable;)V does use it's CallbackInfoReturnable
[05May2026 18:53:39.664] [Render thread/DEBUG] [mixin/]: bookshelf.mixins.json:patch.locale.MixinClientLanguage from mod bookshelf->@Inject::has(Ljava/lang/String;Lorg/spongepowered/asm/mixin/injection/callback/CallbackInfoReturnable;)V does use it's CallbackInfoReturnable
[05May2026 18:53:39.701] [Render thread/DEBUG] [mixin/]: Mixing access.client.AccessorFontManager from bookshelf.mixins.json into net.minecraft.client.gui.font.FontManager
[05May2026 18:53:39.701] [Render thread/DEBUG] [mixin/]: bookshelf.mixins.json:access.client.AccessorFontManager from mod bookshelf: Class version 65 required is higher than the class version supported by the current version of Mixin (JAVA_18 supports class version 62)
[05May2026 18:53:39.855] [Render thread/INFO] [net.neoforged.neoforge.gametest.GameTestHooks/]: Enabled Gametest Namespaces: []
[05May2026 18:53:39.857] [Render thread/DEBUG] [mixin/]: Mixing patch.gui.screens.MixinMenuScreens from bookshelf.mixins.json into net.minecraft.client.gui.screens.MenuScreens
[05May2026 18:53:39.857] [Render thread/DEBUG] [mixin/]: bookshelf.mixins.json:patch.gui.screens.MixinMenuScreens from mod bookshelf: Class version 65 required is higher than the class version supported by the current version of Mixin (JAVA_18 supports class version 62)
[05May2026 18:53:39.857] [Render thread/DEBUG] [mixin/]: Renaming synthetic method lambda$onClassInit$0(Lnet/darkhax/bookshelf/common/api/registry/register/RegisterMenuScreen;Lnet/darkhax/bookshelf/common/api/registry/IContentProvider;)V to mdec8d8d$bookshelf$lambda$onClassInit$0$0 in bookshelf.mixins.json:patch.gui.screens.MixinMenuScreens from mod bookshelf
[05May2026 18:53:39.859] [Render thread/DEBUG] [mixin/]: Mixing access.gui.screen.AccessorMenuScreens from bookshelf.neoforge.mixins.json into net.minecraft.client.gui.screens.MenuScreens
[05May2026 18:53:39.859] [Render thread/DEBUG] [mixin/]: Renaming @Invoker method register(Lnet/minecraft/world/inventory/MenuType;Lnet/minecraft/client/gui/screens/MenuScreens$ScreenConstructor;)V to register$bookshelf_$md$ec8d8d$1 in bookshelf.neoforge.mixins.json:access.gui.screen.AccessorMenuScreens from mod bookshelf
[05May2026 18:53:39.859] [Render thread/DEBUG] [mixin/]: bookshelf.mixins.json:patch.gui.screens.MixinMenuScreens from mod bookshelf->@Inject::onClassInit(Lorg/spongepowered/asm/mixin/injection/callback/CallbackInfo;)V doesn't use it's CallbackInfo
[05May2026 18:53:39.964] [Render thread/INFO] [net.minecraft.server.packs.resources.ReloadableResourceManager/]: Reloading ResourceManager: vanilla, mod_resources, mod/prickle, mod/enchdesc, mod/bookshelf, mod/supermartijn642configlib, mod/durabilitytooltip, mod/appleskin, mod/imblocker, mod/neoforge, mod/mut, mod/jei
[05May2026 18:53:40.001] [Render thread/DEBUG] [net.neoforged.fml.DeferredWorkQueue/LOADING]: Dispatching synchronous work for work queue Common setup: 1 jobs
[05May2026 18:53:40.001] [Render thread/DEBUG] [net.neoforged.fml.DeferredWorkQueue/LOADING]: Synchronous work queue completed in 333.1 μs
[05May2026 18:53:40.006] [NeoForge Version Check/INFO] [net.neoforged.fml.VersionChecker/]: [prickle] Starting version check at https://updates.blamejared.com/get?n=prickle&gv=1.21.1&ml=neoforge
[05May2026 18:53:40.017] [Worker-Main-13/INFO] [net.minecraft.client.gui.font.providers.UnihexProvider/]: Found unifont_all_no_pua-15.1.05.hex, loading
[05May2026 18:53:40.045] [Worker-Main-3/INFO] [net.minecraft.client.gui.font.providers.UnihexProvider/]: Found unifont_jp_patch-15.1.05.hex, loading
[05May2026 18:53:40.053] [Render thread/DEBUG] [net.neoforged.fml.DeferredWorkQueue/LOADING]: Dispatching synchronous work for work queue Sided setup: 3 jobs
[05May2026 18:53:40.062] [Render thread/DEBUG] [net.neoforged.fml.DeferredWorkQueue/LOADING]: Synchronous work queue completed in 9.456 ms
[05May2026 18:53:40.180] [Worker-Main-8/WARN] [net.minecraft.client.renderer.texture.SpriteLoader/]: Texture mut:item/crying_obsidian_axe with size 16x17 limits mip level from 2 to 0
[05May2026 18:53:40.951] [Render thread/WARN] [net.minecraft.client.sounds.SoundEngine/]: Missing sound for event: minecraft:item.goat_horn.play
[05May2026 18:53:40.951] [Render thread/WARN] [net.minecraft.client.sounds.SoundEngine/]: Missing sound for event: minecraft:entity.goat.screaming.horn_break
[05May2026 18:53:41.005] [Render thread/INFO] [com.mojang.blaze3d.audio.Library/]: OpenAL initialized on device OpenAL Soft on 扬声器 (2- Realtek(R) Audio)
[05May2026 18:53:41.005] [Render thread/INFO] [net.minecraft.client.sounds.SoundEngine/SOUNDS]: Sound engine started
[05May2026 18:53:41.052] [Render thread/INFO] [net.minecraft.client.renderer.texture.TextureAtlas/]: Created: 1024x1024x2 minecraft:textures/atlas/blocks.png-atlas
[05May2026 18:53:41.056] [Render thread/INFO] [net.minecraft.client.renderer.texture.TextureAtlas/]: Created: 256x256x2 minecraft:textures/atlas/signs.png-atlas
[05May2026 18:53:41.056] [Render thread/INFO] [net.minecraft.client.renderer.texture.TextureAtlas/]: Created: 512x512x2 minecraft:textures/atlas/shield_patterns.png-atlas
[05May2026 18:53:41.056] [Render thread/INFO] [net.minecraft.client.renderer.texture.TextureAtlas/]: Created: 512x512x2 minecraft:textures/atlas/banner_patterns.png-atlas
[05May2026 18:53:41.056] [Render thread/INFO] [net.minecraft.client.renderer.texture.TextureAtlas/]: Created: 1024x1024x2 minecraft:textures/atlas/armor_trims.png-atlas
[05May2026 18:53:41.059] [Render thread/INFO] [net.minecraft.client.renderer.texture.TextureAtlas/]: Created: 128x64x2 minecraft:textures/atlas/decorated_pot.png-atlas
[05May2026 18:53:41.059] [Render thread/INFO] [net.minecraft.client.renderer.texture.TextureAtlas/]: Created: 256x256x2 minecraft:textures/atlas/chest.png-atlas
[05May2026 18:53:41.059] [Render thread/INFO] [net.minecraft.client.renderer.texture.TextureAtlas/]: Created: 512x256x2 minecraft:textures/atlas/shulker_boxes.png-atlas
[05May2026 18:53:41.059] [Render thread/INFO] [net.minecraft.client.renderer.texture.TextureAtlas/]: Created: 512x256x2 minecraft:textures/atlas/beds.png-atlas
[05May2026 18:53:41.093] [Render thread/DEBUG] [mixin/]: Mixing access.block.AccessorBlockEntityRenderers from bookshelf.mixins.json into net.minecraft.client.renderer.blockentity.BlockEntityRenderers
[05May2026 18:53:41.093] [Render thread/DEBUG] [mixin/]: bookshelf.mixins.json:access.block.AccessorBlockEntityRenderers from mod bookshelf: Class version 65 required is higher than the class version supported by the current version of Mixin (JAVA_18 supports class version 62)
[05May2026 18:53:41.113] [Render thread/DEBUG] [mixin/]: Mixing ElytraLayerMixin from mut.mixins.json into net.minecraft.client.renderer.entity.layers.ElytraLayer
[05May2026 18:53:41.115] [Render thread/DEBUG] [mixin/]: mut.mixins.json:ElytraLayerMixin from mod mut->@Inject::shouldRender(Lnet/minecraft/world/item/ItemStack;Lnet/minecraft/world/entity/LivingEntity;Lorg/spongepowered/asm/mixin/injection/callback/CallbackInfoReturnable;)V does use it's CallbackInfoReturnable
[05May2026 18:53:41.115] [Render thread/DEBUG] [mixin/]: mut.mixins.json:ElytraLayerMixin from mod mut->@Inject::getElytraTexture(Lnet/minecraft/world/item/ItemStack;Lnet/minecraft/world/entity/LivingEntity;Lorg/spongepowered/asm/mixin/injection/callback/CallbackInfoReturnable;)V does use it's CallbackInfoReturnable
[05May2026 18:53:41.156] [Render thread/INFO] [net.minecraft.client.renderer.texture.TextureAtlas/]: Created: 512x256x0 minecraft:textures/atlas/particles.png-atlas
[05May2026 18:53:41.156] [Render thread/INFO] [net.minecraft.client.renderer.texture.TextureAtlas/]: Created: 512x256x0 minecraft:textures/atlas/paintings.png-atlas
[05May2026 18:53:41.157] [Render thread/INFO] [net.minecraft.client.renderer.texture.TextureAtlas/]: Created: 256x128x0 minecraft:textures/atlas/mob_effects.png-atlas
[05May2026 18:53:41.157] [Render thread/INFO] [net.minecraft.client.renderer.texture.TextureAtlas/]: Created: 64x64x0 minecraft:textures/atlas/map_decorations.png-atlas
[05May2026 18:53:41.157] [Render thread/INFO] [net.minecraft.client.renderer.texture.TextureAtlas/]: Created: 1024x512x0 minecraft:textures/atlas/gui.png-atlas
[05May2026 18:53:41.175] [Render thread/WARN] [net.minecraft.client.renderer.ShaderInstance/]: Shader rendertype_entity_translucent_emissive could not find sampler named Sampler2 in the specified shader program.
[05May2026 18:53:41.209] [Render thread/INFO] [net.neoforged.neoforge.client.entity.animation.json.AnimationLoader/]: Loaded 0 entity animations
[05May2026 18:53:41.209] [Render thread/INFO] [net.minecraft.client.renderer.texture.TextureAtlas/]: Created: 256x256x0 jei:textures/atlas/gui.png-atlas
[05May2026 18:53:41.867] [NeoForge Version Check/DEBUG] [net.neoforged.fml.VersionChecker/]: [prickle] Received version check data:
{"homepage":"https://www.curseforge.com/minecraft/mc-mods/prickle","promos":{"1.21.1-latest":"21.1.11"}}
[05May2026 18:53:41.867] [NeoForge Version Check/INFO] [net.neoforged.fml.VersionChecker/]: [prickle] Found status: BETA Current: 21.1.11 Target: 21.1.11
[05May2026 18:53:41.867] [NeoForge Version Check/INFO] [net.neoforged.fml.VersionChecker/]: [enchdesc] Starting version check at https://updates.blamejared.com/get?n=enchdesc&gv=1.21.1&ml=neoforge
[05May2026 18:53:42.065] [NeoForge Version Check/DEBUG] [net.neoforged.fml.VersionChecker/]: [enchdesc] Received version check data:
{"homepage":"https://www.curseforge.com/minecraft/mc-mods/enchantment-descriptions","promos":{"1.21.1-latest":"21.1.9"}}
[05May2026 18:53:42.065] [NeoForge Version Check/INFO] [net.neoforged.fml.VersionChecker/]: [enchdesc] Found status: BETA Current: 21.1.9 Target: 21.1.9
[05May2026 18:53:42.065] [NeoForge Version Check/INFO] [net.neoforged.fml.VersionChecker/]: [bookshelf] Starting version check at https://updates.blamejared.com/get?n=bookshelf&gv=1.21.1&ml=neoforge
[05May2026 18:53:42.261] [NeoForge Version Check/DEBUG] [net.neoforged.fml.VersionChecker/]: [bookshelf] Received version check data:
{"homepage":"https://www.curseforge.com/minecraft/mc-mods/bookshelf","promos":{"1.21.1-latest":"21.1.81"}}
[05May2026 18:53:42.261] [NeoForge Version Check/INFO] [net.neoforged.fml.VersionChecker/]: [bookshelf] Found status: BETA_OUTDATED Current: 21.1.64 Target: 21.1.81
[05May2026 18:53:43.805] [Render thread/INFO] [net.minecraft.client.Minecraft/]: Stopping!
